City_ID,City,Country,Date,Lat,Lng,Max Temp,Humidity,Cloudiness,Wind Speed
0,Albany,US,2021-03-26 23:17:46,42.6001,-73.9662,57.2,54,90,29.93
1,Ha Tinh,VN,2021-03-26 23:16:32,18.3333,105.9,71.17,96,96,2.37
2,Kununurra,AU,2021-03-26 23:16:02,-15.7667,128.7333,80.6,100,57,3.44
3,Yellowknife,CA,2021-03-26 23:13:02,62.456,-114.3525,18.0,66,20,9.22
4,Vaini,TO,2021-03-26 23:17:47,-21.2,-175.2,84.2,74,40,10.36
5,Kurchum,KZ,2021-03-26 23:17:47,48.5722,83.6542,20.35,87,100,3.2
6,Rikitea,PF,2021-03-26 23:17:47,-23.1203,-134.9692,79.2,72,1,17.74
7,Mao,ES,2021-03-26 23:17:48,39.8885,4.2658,55.4,94,0,6.91
8,Jojoima,SL,2021-03-26 23:17:48,7.8792,-10.7878,75.97,88,34,3.62
9,Walvis Bay,NA,2021-03-26 23:17:48,-22.9575,14.5053,62.01,94,36,2.3
10,Namibe,AO,2021-03-26 23:17:49,-15.1961,12.1522,73.2,84,94,8.43
11,Rio Piracicaba,BR,2021-03-26 23:17:49,-19.9292,-43.1742,68.56,91,28,1.36
12,Katsuura,JP,2021-03-26 23:17:49,35.1333,140.3,55.0,54,0,8.05
13,Atar,MR,2021-03-26 23:16:07,20.5169,-13.0499,81.66,11,7,5.68
14,Luwuk,ID,2021-03-26 23:17:50,-0.9516,122.7875,75.97,96,100,2.73
15,Dikson,RU,2021-03-26 23:17:50,73.5069,80.5464,-12.86,100,100,10.02
16,Ribeira Grande,PT,2021-03-26 23:17:51,38.5167,-28.7,57.83,60,21,6.73
17,Rocha,UY,2021-03-26 23:17:51,-34.4833,-54.3333,66.15,97,78,4.16
18,Cockburn Town,TC,2021-03-26 23:17:51,21.4612,-71.1419,78.8,69,40,13.8
19,Ellensburg,US,2021-03-26 23:17:52,46.9965,-120.5479,57.2,33,1,27.63
20,Peniche,PT,2021-03-26 23:17:52,39.3558,-9.3811,53.01,82,39,5.99
21,Hermanus,ZA,2021-03-26 23:17:53,-34.4187,19.2345,63.0,89,30,5.01
22,Port Augusta,AU,2021-03-26 23:17:53,-32.5,137.7667,64.4,82,40,5.75
23,Provideniya,RU,2021-03-26 23:17:53,64.3833,-173.3,5.86,87,100,14.0
24,Geraldton,AU,2021-03-26 23:17:54,-28.7667,114.6,59.0,88,3,11.5
25,Ushuaia,AR,2021-03-26 23:15:14,-54.8,-68.3,50.0,62,75,5.75
26,Mahendranagar,NP,2021-03-26 23:17:54,28.9167,80.3333,66.56,23,0,4.97
27,Tuatapere,NZ,2021-03-26 23:17:55,-46.1333,167.6833,62.01,74,100,5.99
28,Cidreira,BR,2021-03-26 23:17:55,-30.1811,-50.2056,71.35,89,99,6.76
29,Los Llanos De Aridane,ES,2021-03-26 23:17:55,28.6585,-17.9182,69.8,49,90,3.44
30,La Ronge,CA,2021-03-26 23:17:56,55.1001,-105.2842,23.0,63,100,6.91
31,Bredasdorp,ZA,2021-03-26 23:17:56,-34.5322,20.0403,64.4,77,2,8.05
32,Vestmannaeyjar,IS,2021-03-26 23:17:57,63.4427,-20.2734,21.78,63,13,12.17
33,Xuddur,SO,2021-03-26 23:17:57,4.1213,43.8894,70.38,72,7,14.74
34,Hualmay,PE,2021-03-26 23:17:57,-11.0964,-77.6139,71.78,77,43,8.9
35,Airai,TL,2021-03-26 23:17:58,-8.9266,125.4092,64.0,85,98,1.72
36,Arman,RU,2021-03-26 23:17:58,59.7,150.1667,2.39,85,45,2.06
37,Mataura,NZ,2021-03-26 23:17:58,-46.1927,168.8643,62.01,74,100,5.99
38,Zharkent,KZ,2021-03-26 23:17:59,44.1628,80.0,50.54,85,100,2.33
39,Margate,GB,2021-03-26 23:17:59,51.3813,1.3862,41.0,83,72,3.0
40,Cabo San Lucas,MX,2021-03-26 23:15:47,22.8909,-109.9124,78.01,52,40,13.8
41,Cherskiy,RU,2021-03-26 23:18:00,68.75,161.3,-8.73,92,93,7.09
42,Armilla,ES,2021-03-26 23:18:00,37.141,-3.6185,54.0,58,0,3.49
43,Skibbereen,IE,2021-03-26 23:18:00,51.55,-9.2667,35.6,93,40,18.41
44,Cape Town,ZA,2021-03-26 23:18:01,-33.9258,18.4232,62.6,94,75,9.22
45,Tasiilaq,GL,2021-03-26 23:18:01,65.6145,-37.6368,6.8,51,75,10.36
46,Samarai,PG,2021-03-26 23:18:02,-10.6167,150.6667,83.53,75,95,9.8
47,Port Elizabeth,ZA,2021-03-26 23:18:02,-33.918,25.5701,68.0,68,0,19.57
48,Carnarvon,AU,2021-03-26 23:18:02,-24.8667,113.6333,73.4,73,100,10.36
49,Rio Bravo,MX,2021-03-26 23:18:03,25.9833,-98.1,86.0,37,75,4.61
50,Russell,US,2021-03-26 23:15:08,32.3502,-85.1999,70.0,88,40,2.93
51,Bullhead City,US,2021-03-26 23:18:03,35.1478,-114.5683,72.0,15,40,19.57
52,Hilo,US,2021-03-26 23:18:04,19.7297,-155.09,80.6,61,90,12.66
53,Nishihara,JP,2021-03-26 23:18:04,26.1842,127.7558,73.4,68,75,14.97
54,Constitucion,CL,2021-03-26 23:15:56,-35.3333,-72.4167,59.05,72,0,13.38
55,Namatanai,PG,2021-03-26 23:18:04,-3.6667,152.4333,83.12,74,100,9.01
56,Itarema,BR,2021-03-26 23:18:05,-2.9248,-39.9167,76.64,87,97,9.91
57,Freeport,US,2021-03-26 23:13:21,40.6576,-73.5832,73.4,31,1,28.77
58,Mugur-Aksy,RU,2021-03-26 23:18:05,50.35,90.5,4.1,66,18,5.12
59,Contai,IN,2021-03-26 23:18:05,21.7786,87.7536,76.19,80,16,6.96
60,Tuktoyaktuk,CA,2021-03-26 23:18:06,69.4541,-133.0374,-7.6,77,40,6.91
61,Kamenka,RU,2021-03-26 23:18:06,51.3223,42.7678,33.01,87,100,7.74
62,Avarua,CK,2021-03-26 23:18:07,-21.2078,-159.775,84.2,70,40,13.8
63,Colomi,BO,2021-03-26 23:18:07,-17.35,-65.8667,69.8,46,75,4.61
64,Praia Da Vitoria,PT,2021-03-26 23:18:07,38.7333,-27.0667,55.4,82,0,6.15
65,Lorengau,PG,2021-03-26 23:18:08,-2.0226,147.2712,82.67,77,100,4.81
66,Ambon,ID,2021-03-26 23:14:21,-3.6954,128.1814,78.8,89,40,6.91
67,Nikolskoye,RU,2021-03-26 23:18:08,59.7035,30.7861,34.0,93,40,2.44
68,Necochea,AR,2021-03-26 23:18:09,-38.5473,-58.7368,62.01,87,100,7.0
69,Puerto Ayora,EC,2021-03-26 23:18:09,-0.7393,-90.3518,82.4,74,20,9.22
70,Half Moon Bay,US,2021-03-26 23:18:09,37.4636,-122.4286,69.8,34,1,14.97
71,Pontes E Lacerda,BR,2021-03-26 23:18:10,-15.2261,-59.3353,75.58,82,84,4.54
72,Charters Towers,AU,2021-03-26 23:18:10,-20.1,146.2667,80.17,61,2,12.64
73,Grand-Bourg,GP,2021-03-26 23:18:10,15.8835,-61.3148,77.0,73,20,9.22
74,Talnakh,RU,2021-03-26 23:18:11,69.4865,88.3972,15.75,94,100,10.02
75,Longyearbyen,SJ,2021-03-26 23:15:12,78.2186,15.6401,17.6,73,20,24.16
76,Mahon,ES,2021-03-26 23:17:48,39.8885,4.2658,55.4,94,0,6.91
77,Acarau,BR,2021-03-26 23:18:11,-2.8856,-40.12,76.64,86,96,10.09
78,Matara,LK,2021-03-26 23:18:12,5.9485,80.5353,76.75,87,100,7.56
79,Busselton,AU,2021-03-26 23:18:12,-33.65,115.3333,48.0,90,80,6.04
80,Opuwo,NA,2021-03-26 23:18:12,-18.0607,13.84,67.05,69,98,5.79
81,Vani,GE,2021-03-26 23:18:13,42.0832,42.5216,41.0,87,90,6.91
82,Surt,LY,2021-03-26 23:18:13,31.2089,16.5887,57.25,60,0,2.93
83,Naze,JP,2021-03-26 23:15:46,28.3667,129.4833,68.0,64,75,16.11
84,Udachnyy,RU,2021-03-26 23:18:14,66.4167,112.4,9.66,96,100,4.9
85,Padang,ID,2021-03-26 23:18:14,-0.9492,100.3543,75.2,94,75,4.61
86,Sechura,PE,2021-03-26 23:18:14,-5.5569,-80.8222,78.51,59,17,16.82
87,Northam,GB,2021-03-26 23:18:15,51.0333,-4.2167,46.0,78,96,13.0
88,Port Alfred,ZA,2021-03-26 23:13:18,-33.5906,26.891,70.05,86,90,23.09
89,Bambous Virieux,MU,2021-03-26 23:18:15,-20.3428,57.7575,77.0,83,20,2.3
90,Bluff,NZ,2021-03-26 23:18:15,-46.6,168.3333,62.01,74,100,5.99
91,Savannah Bight,HN,2021-03-26 23:18:16,16.45,-85.85,84.2,70,20,9.22
92,Hobart,AU,2021-03-26 23:18:16,-42.8794,147.3294,57.99,82,75,5.75
93,Mandera,KE,2021-03-26 23:18:16,3.9366,41.867,85.14,19,8,6.91
94,Sioux Lookout,CA,2021-03-26 23:18:17,50.1001,-91.917,37.4,52,90,8.05
95,Iqaluit,CA,2021-03-26 23:18:17,63.7506,-68.5145,-16.01,63,20,8.05
96,Turan,VN,2021-03-26 23:18:18,16.0678,108.2208,75.2,94,75,2.3
97,Ilulissat,GL,2021-03-26 23:18:18,69.2167,-51.1,-11.2,44,9,8.05
98,Machala,EC,2021-03-26 23:18:19,-3.2667,-79.9667,82.4,69,75,8.05
99,Mindelo,CV,2021-03-26 23:18:19,16.8901,-24.9804,69.8,64,20,32.21
100,Zvishavane,ZW,2021-03-26 23:18:19,-20.3267,30.0665,67.55,67,50,1.72
101,Shingu,JP,2021-03-26 23:18:20,33.7333,135.9833,55.4,41,40,2.3
102,Omboue,GA,2021-03-26 23:18:20,-1.5746,9.2618,77.85,83,90,6.29
103,Nadvoitsy,RU,2021-03-26 23:18:20,63.8667,34.3167,31.82,88,98,2.37
104,Nuuk,GL,2021-03-26 23:18:21,64.1835,-51.7216,-2.2,65,75,26.46
105,Capissayan,PH,2021-03-26 23:18:21,18.0509,121.8177,74.35,87,34,2.86
106,Utete,TZ,2021-03-26 23:18:21,-7.986,38.758,74.1,96,100,2.62
107,Shawville,CA,2021-03-26 23:18:22,45.6001,-76.4827,37.0,97,100,12.73
108,Khatanga,RU,2021-03-26 23:18:22,71.9667,102.5,-14.39,99,92,2.66
109,Rio Cuarto,AR,2021-03-26 23:18:22,-33.1307,-64.3499,59.0,72,20,9.22
110,Laguna,US,2021-03-26 23:18:23,38.421,-121.4238,73.99,16,1,11.5
111,Belen,TR,2021-03-26 23:18:23,36.4891,36.2233,42.8,65,40,5.75
112,Tilichiki,RU,2021-03-26 23:18:23,60.4667,166.1,1.2,88,25,5.77
113,Yomou,GN,2021-03-26 23:18:24,7.5603,-9.2653,74.34,85,5,2.21
114,Ponta Do Sol,PT,2021-03-26 23:18:24,32.6667,-17.1,64.4,94,40,10.36
115,Okha,RU,2021-03-26 23:18:25,53.5739,142.9478,16.43,88,60,6.04
116,Sao Filipe,CV,2021-03-26 23:18:25,14.8961,-24.4956,70.18,76,14,15.66
117,Upington,ZA,2021-03-26 23:18:25,-28.4478,21.2561,68.0,56,20,6.91
118,Mount Isa,AU,2021-03-26 23:18:26,-20.7333,139.5,86.0,25,0,10.36
119,Barrow,US,2021-03-26 23:15:55,71.2906,-156.7887,-9.4,70,1,3.44
120,Koslan,RU,2021-03-26 23:18:26,63.4564,48.8989,23.43,97,100,3.51
121,Jaumave,MX,2021-03-26 23:18:27,23.4167,-99.3833,93.2,17,90,9.22
122,Novyy Urgal,RU,2021-03-26 23:18:27,51.0736,132.5642,23.59,79,100,4.38
123,Canora,CA,2021-03-26 23:18:27,51.6333,-102.4343,28.4,64,1,5.75
124,Pangnirtung,CA,2021-03-26 23:18:28,66.1451,-65.7125,-11.2,64,20,20.71
125,Atuona,PF,2021-03-26 23:18:28,-9.8,-139.0333,80.85,75,20,20.07
126,Eucaliptus,BO,2021-03-26 23:18:29,-17.5833,-67.5167,51.87,65,98,9.48
127,Saiki,JP,2021-03-26 23:18:29,32.95,131.9,53.6,76,75,3.44
128,Torbay,CA,2021-03-26 23:18:29,47.6666,-52.7314,45.0,93,90,14.97
129,Saint-Philippe,RE,2021-03-26 23:18:30,-21.3585,55.7679,77.0,73,0,5.75
130,Kodiak,US,2021-03-26 23:18:30,57.79,-152.4072,37.4,48,90,8.05
131,Druzhnaya Gorka,RU,2021-03-26 23:18:31,59.2761,30.1425,28.4,93,40,2.3
132,Lima,PE,2021-03-26 23:18:31,-12.0432,-77.0282,70.0,78,0,13.8
133,Castro,BR,2021-03-26 23:18:31,-24.7911,-50.0119,68.49,85,63,4.21
134,Rio Claro,BR,2021-03-26 23:18:32,-22.4114,-47.5614,80.6,69,20,5.75
135,Saskylakh,RU,2021-03-26 23:18:32,71.9167,114.0833,1.9,97,99,3.13
136,Kaitangata,NZ,2021-03-26 23:18:32,-46.2817,169.8464,63.0,71,90,1.99
137,Sun City West,US,2021-03-26 23:16:40,33.662,-112.3413,66.0,34,20,8.05
138,Singapore,SG,2021-03-26 23:16:21,1.2897,103.8501,78.8,89,75,2.3
139,Cimahi,ID,2021-03-26 23:18:33,-6.8722,107.5425,68.65,91,98,2.59
140,Jaen,ES,2021-03-26 23:18:33,38.0,-3.5,49.69,60,41,2.15
141,Santa Cruz,BO,2021-03-26 23:15:04,-17.8,-63.1667,78.8,89,75,9.22
142,Aniva,RU,2021-03-26 23:18:34,46.7144,142.5294,26.6,59,12,2.24
143,Bentiu,SS,2021-03-26 23:18:34,9.2333,29.8333,87.96,42,100,6.55
144,Haines Junction,CA,2021-03-26 23:18:34,60.7522,-137.5108,35.6,55,100,3.44
145,Port Macquarie,AU,2021-03-26 23:18:35,-31.4333,152.9167,72.0,72,85,6.82
146,Zhigansk,RU,2021-03-26 23:18:35,66.7697,123.3711,11.93,93,100,21.59
147,Oytal,KZ,2021-03-26 23:18:35,42.9057,73.2697,54.34,74,99,2.42
148,Punta Arenas,CL,2021-03-26 23:18:36,-53.15,-70.9167,51.8,62,75,11.5
149,Georgetown,MY,2021-03-26 23:15:59,5.4112,100.3354,78.01,100,40,2.59
150,Port Lincoln,AU,2021-03-26 23:18:36,-34.7333,135.8667,63.43,65,30,9.37
151,Vardo,NO,2021-03-26 23:18:37,70.3705,31.1107,33.8,69,0,14.97
152,Saint-Augustin,CA,2021-03-26 23:18:37,51.226,-58.6502,21.31,78,100,18.21
153,Olafsvik,IS,2021-03-26 23:18:37,64.8945,-23.7142,19.13,63,96,13.98
154,Kumluca,TR,2021-03-26 23:18:38,36.3703,30.2869,47.17,47,1,7.14
155,Gorontalo,ID,2021-03-26 23:18:38,0.5412,123.0595,75.92,92,100,2.28
156,Salinopolis,BR,2021-03-26 23:18:38,-0.6136,-47.3561,74.37,92,100,4.9
157,Grindavik,IS,2021-03-26 23:18:39,63.8424,-22.4338,17.6,67,40,10.36
158,Jamestown,US,2021-03-26 23:14:43,42.097,-79.2353,42.01,93,90,14.09
159,Bayangol,RU,2021-03-26 23:18:39,50.6977,103.4656,22.33,64,100,20.15
160,Guerrero Negro,MX,2021-03-26 23:18:40,27.9769,-114.0611,63.19,50,0,16.82
161,Qaanaaq,GL,2021-03-26 23:18:40,77.484,-69.3632,-8.97,64,100,4.74
162,Arraial Do Cabo,BR,2021-03-26 23:18:40,-22.9661,-42.0278,78.8,83,0,11.5
163,Pevek,RU,2021-03-26 23:18:41,69.7008,170.3133,-22.0,95,88,4.97
164,Maldonado,UY,2021-03-26 23:18:26,-34.6667,-54.9167,70.0,100,90,8.05
165,Yeppoon,AU,2021-03-26 23:18:41,-23.1333,150.7333,78.8,65,0,8.05
166,Mar Del Plata,AR,2021-03-26 23:18:42,-38.0023,-57.5575,64.99,88,90,28.77
167,Grandview,US,2021-03-26 23:15:00,38.8858,-94.533,63.0,55,1,12.66
168,Nanortalik,GL,2021-03-26 23:18:42,60.1432,-45.2371,9.03,68,31,25.39
169,Victoria,HK,2021-03-26 23:15:54,22.2855,114.1577,73.0,88,99,1.01
170,Priyutnoye,RU,2021-03-26 23:18:43,46.1011,43.5072,34.9,93,100,15.23
171,Ust-Nera,RU,2021-03-26 23:18:43,64.5667,143.2,-5.93,93,100,3.44
172,Upernavik,GL,2021-03-26 23:18:43,72.7868,-56.1549,-32.64,85,7,3.74
173,Antofagasta,CL,2021-03-26 23:14:18,-23.65,-70.4,62.6,77,75,16.11
174,Fortuna,US,2021-03-26 23:18:44,40.5982,-124.1573,57.99,62,1,14.97
175,Acapulco,MX,2021-03-26 23:18:44,16.8634,-99.8901,84.2,65,20,5.75
176,Saldanha,ZA,2021-03-26 23:18:44,-33.0117,17.9442,62.6,88,5,3.44
177,Price,US,2021-03-26 23:18:45,39.5994,-110.8107,46.4,46,40,18.41
178,Kapit,MY,2021-03-26 23:18:45,2.0167,112.9333,73.0,99,100,1.54
179,Kapaa,US,2021-03-26 23:18:45,22.0752,-159.319,78.8,73,1,10.36
180,Faya,SA,2021-03-26 23:18:46,18.3851,42.4509,60.8,58,0,4.61
181,Kruisfontein,ZA,2021-03-26 23:18:46,-34.0033,24.7314,64.99,70,15,1.01
182,Leningradskiy,RU,2021-03-26 23:18:47,69.3833,178.4167,-13.94,93,51,4.56
183,Qui Nhon,VN,2021-03-26 23:18:47,13.7667,109.2333,74.7,88,90,1.95
184,San Patricio,US,2021-03-26 23:18:47,28.017,-97.5169,82.4,65,40,14.97
185,Aykhal,RU,2021-03-26 23:18:48,66.0,111.5,8.56,96,100,6.82
186,Beringovskiy,RU,2021-03-26 23:18:48,63.05,179.3167,2.26,86,90,13.85
187,New Norfolk,AU,2021-03-26 23:18:48,-42.7826,147.0587,57.99,84,100,1.01
188,Emba,KZ,2021-03-26 23:18:49,48.8264,58.1442,31.3,97,100,14.41
189,Mahebourg,MU,2021-03-26 23:18:49,-20.4081,57.7,77.0,83,20,2.3
190,Minab,IR,2021-03-26 23:18:49,27.1467,57.0801,73.4,78,8,9.22
191,Ponta Delgada,PT,2021-03-26 23:18:50,37.7333,-25.6667,55.4,76,20,6.91
192,Fairbanks,US,2021-03-26 23:15:20,64.8378,-147.7164,27.0,74,90,6.91
193,Wenling,CN,2021-03-26 23:18:50,28.3669,121.36,62.01,98,69,5.12
194,Port Blair,IN,2021-03-26 23:18:51,11.6667,92.75,81.95,73,90,8.43
195,Poum,NC,2021-03-26 23:18:51,-20.2333,164.0167,80.98,69,4,9.08
196,Kismayo,SO,2021-03-26 23:18:52,-0.3582,42.5454,79.63,75,87,15.46
197,Karratha,AU,2021-03-26 23:17:06,-20.7377,116.8463,80.94,69,0,5.28
198,Ahipara,NZ,2021-03-26 23:18:52,-35.1667,173.1667,70.2,72,86,15.41
199,Hay River,CA,2021-03-26 23:18:52,60.8156,-115.7999,21.2,45,15,5.75
200,Faanui,PF,2021-03-26 23:18:53,-16.4833,-151.75,82.94,73,6,21.79
201,Lodja,CD,2021-03-26 23:18:53,-3.4833,23.4333,67.55,94,97,0.94
202,Buckeye,US,2021-03-26 23:15:00,33.3703,-112.5838,66.99,32,97,5.75
203,Butaritari,KI,2021-03-26 23:18:54,3.0707,172.7902,81.81,76,32,14.25
204,Eureka,US,2021-03-26 23:18:04,40.8021,-124.1637,62.01,68,0,7.0
205,Taksimo,RU,2021-03-26 23:18:54,56.3444,114.8794,20.52,93,100,2.17
206,Rawson,AR,2021-03-26 23:18:54,-43.3002,-65.1023,61.03,60,1,6.53
207,Chateau-Thierry,FR,2021-03-26 23:18:55,49.05,3.4,41.0,88,85,3.0
208,Batagay-Alyta,RU,2021-03-26 23:18:55,67.8006,130.4114,-4.74,94,100,1.57
209,Vostok,RU,2021-03-26 23:18:55,46.4856,135.8833,31.78,78,100,4.23
210,Tevaitoa,PF,2021-03-26 23:18:56,-16.7833,-151.5,82.72,73,7,22.1
211,Hamilton,US,2021-03-26 23:18:56,39.1834,-84.5333,57.2,67,90,8.05
212,Nuevo Progreso,MX,2021-03-26 23:18:56,23.1667,-97.95,82.99,46,48,1.99
213,Kavieng,PG,2021-03-26 23:18:57,-2.5744,150.7967,83.08,73,100,9.51
214,Cherepanovo,RU,2021-03-26 23:18:57,54.2222,83.381,8.6,99,94,5.99
215,Inongo,CD,2021-03-26 23:18:58,-1.95,18.2667,72.28,91,100,4.07
216,Lagoa,PT,2021-03-26 23:18:58,39.05,-27.9833,56.84,61,38,7.16
217,Lebu,CL,2021-03-26 23:18:58,-37.6167,-73.65,56.21,74,0,19.46
218,Kolokani,ML,2021-03-26 23:18:59,13.5728,-8.0339,79.12,5,28,10.6
219,Lompoc,US,2021-03-26 23:18:59,34.6391,-120.4579,62.01,67,1,14.97
220,Bow Island,CA,2021-03-26 23:18:59,49.8668,-111.3684,39.0,60,66,2.3
221,La Asuncion,VE,2021-03-26 23:17:27,11.0333,-63.8628,76.37,82,16,15.7
222,Brasilia,BR,2021-03-26 23:19:00,-15.7797,-47.9297,73.4,60,20,2.3
223,Mocuba,MZ,2021-03-26 23:19:00,-16.8392,36.9856,69.57,97,1,2.91
224,Rockhampton,AU,2021-03-26 23:19:00,-23.3833,150.5,78.8,65,0,8.05
225,Kloulklubed,PW,2021-03-26 23:19:01,7.0419,134.2556,77.0,100,90,10.36
226,Gillette,US,2021-03-26 23:19:01,44.2911,-105.5022,41.0,70,90,9.22
227,Kavaratti,IN,2021-03-26 23:19:01,10.5669,72.642,82.62,73,27,2.51
228,Onguday,RU,2021-03-26 23:19:02,50.75,86.15,10.92,90,5,3.13
229,Luderitz,NA,2021-03-26 23:19:02,-26.6481,15.1594,62.6,79,0,9.22
230,Intipuca,SV,2021-03-26 23:19:02,13.1969,-88.0544,98.6,30,0,5.75
231,Darasun,RU,2021-03-26 23:19:03,51.6667,114.0,26.6,80,40,8.95
232,Pundaguitan,PH,2021-03-26 23:19:03,6.3711,126.1689,80.67,77,100,6.78
233,Soe,ID,2021-03-26 23:14:28,-9.8607,124.284,68.97,91,100,1.39
234,Touros,BR,2021-03-26 23:19:04,-5.1989,-35.4608,75.2,88,75,5.75
235,Xichang,CN,2021-03-26 23:19:04,27.8964,102.2634,47.26,82,3,2.04
236,Tigre,AR,2021-03-26 23:19:04,-34.426,-58.5796,72.0,83,40,5.75
237,Majdanpek,RS,2021-03-26 23:19:05,44.4277,21.946,39.0,42,5,2.33
238,Ostrovnoy,RU,2021-03-26 23:19:05,68.0531,39.5131,20.73,89,45,16.58
239,Archidona,ES,2021-03-26 23:19:05,37.0965,-4.3887,60.01,51,34,1.99
240,Narsaq,GL,2021-03-26 23:19:06,60.9167,-46.05,5.0,56,0,8.05
241,Tazovskiy,RU,2021-03-26 23:19:06,67.4667,78.7,13.14,94,100,17.34
242,Grand Gaube,MU,2021-03-26 23:19:06,-20.0064,57.6608,75.0,86,14,2.24
243,Noumea,NC,2021-03-26 23:19:07,-22.2763,166.4572,87.8,51,0,4.61
244,Pathein,MM,2021-03-26 23:19:07,16.7833,94.7333,77.14,88,92,5.61
245,San Andres,CO,2021-03-26 23:19:07,12.5847,-81.7006,82.4,74,20,14.97
246,San Quintin,MX,2021-03-26 23:19:08,30.4833,-115.95,58.46,59,15,16.06
247,Ambilobe,MG,2021-03-26 23:19:08,-13.2,49.05,73.65,94,100,1.9
248,Kudahuvadhoo,MV,2021-03-26 23:19:08,2.6708,72.8944,81.9,71,98,8.57
249,Shaowu,CN,2021-03-26 23:19:09,27.3409,117.4831,62.47,78,37,2.48
250,Madimba,TZ,2021-03-26 23:19:09,-10.4,40.3333,76.66,91,100,4.54
251,Aranos,NA,2021-03-26 23:19:10,-24.1333,19.1167,70.23,31,2,16.17
252,Macia,MZ,2021-03-26 23:19:10,-25.0269,33.0989,69.6,87,22,3.31
253,Havoysund,NO,2021-03-26 23:19:10,70.9963,24.6622,37.4,65,0,12.66
254,Iquitos,PE,2021-03-26 23:19:11,-3.7481,-73.2472,78.8,89,75,1.14
255,Tonj,SS,2021-03-26 23:19:11,7.2737,28.6822,75.65,62,100,5.53
256,Saint-Pierre,RE,2021-03-26 23:19:11,-21.3393,55.4781,77.0,73,0,5.75
257,Coquimbo,CL,2021-03-26 23:14:49,-29.9533,-71.3436,59.0,82,0,11.5
258,Saurimo,AO,2021-03-26 23:19:12,-9.6608,20.3916,64.65,98,100,3.58
259,Jacareacanga,BR,2021-03-26 23:19:12,-6.2222,-57.7528,73.92,94,38,1.48
260,Fort-Shevchenko,KZ,2021-03-26 23:19:12,44.5086,50.263,42.08,84,5,22.41
261,Bengkulu,ID,2021-03-26 23:16:31,-3.8004,102.2655,76.14,90,99,3.31
262,Chuy,UY,2021-03-26 23:19:13,-33.6971,-53.4616,68.23,94,100,6.11
263,Clyde River,CA,2021-03-26 23:19:13,70.4692,-68.5914,-14.8,70,75,5.32
264,Marsa Matruh,EG,2021-03-26 23:19:14,31.3525,27.2453,53.6,47,40,5.75
265,Souillac,MU,2021-03-26 23:19:14,-20.5167,57.5167,77.0,83,20,2.3
266,Mareeba,AU,2021-03-26 23:19:14,-17.0,145.4333,84.2,74,69,8.05
267,Ancud,CL,2021-03-26 23:19:15,-41.8697,-73.8203,55.4,76,0,5.75
268,Pisco,PE,2021-03-26 23:19:15,-13.7,-76.2167,70.0,73,0,23.02
269,Havre-Saint-Pierre,CA,2021-03-26 23:19:16,50.2334,-63.5986,28.4,64,75,23.02
270,Codrington,AU,2021-03-26 23:19:16,-38.2667,141.9667,59.85,71,63,12.59
271,Hofn,IS,2021-03-26 23:19:16,64.2539,-15.2082,19.81,62,99,20.15
272,Jensen Beach,US,2021-03-26 23:19:17,27.2545,-80.2298,80.6,61,20,11.5
273,Tricase,IT,2021-03-26 23:19:17,39.9304,18.3553,46.0,93,0,4.61
274,Norman Wells,CA,2021-03-26 23:19:17,65.282,-126.8329,32.0,40,75,2.3
275,Rancho Palos Verdes,US,2021-03-26 23:19:18,33.7445,-118.387,61.0,55,20,17.27
276,Wattegama,LK,2021-03-26 23:19:18,6.7989,81.4808,74.05,90,97,3.06
277,Hithadhoo,MV,2021-03-26 23:19:18,-0.6,73.0833,82.53,70,72,7.31
278,Asau,RO,2021-03-26 23:19:19,46.4333,26.4,33.01,62,13,4.76
279,Sinjai,ID,2021-03-26 23:19:19,-5.1241,120.253,76.26,86,100,3.4
280,Davila,PH,2021-03-26 23:19:19,18.4726,120.5763,77.0,83,20,2.3
281,Naryan-Mar,RU,2021-03-26 23:19:20,67.6713,53.087,17.22,88,43,10.85
282,Waingapu,ID,2021-03-26 23:19:20,-9.6567,120.2641,78.3,82,99,4.16
283,Sola,VU,2021-03-26 23:19:21,-13.8833,167.55,82.42,75,70,12.55
284,Tiksi,RU,2021-03-26 23:19:21,71.6872,128.8694,9.0,92,100,6.4
285,Mumbwa,ZM,2021-03-26 23:19:22,-14.9783,27.0619,68.54,72,93,1.74
286,Fonte Boa,BR,2021-03-26 23:19:22,-2.4959,-66.2662,75.67,95,97,2.04
287,Arroyo,ES,2021-03-26 23:19:22,41.6096,-4.7969,46.99,81,0,11.5
288,Viedma,AR,2021-03-26 23:19:23,-40.8135,-62.9967,57.99,49,71,7.87
289,Villarrica,PY,2021-03-26 23:19:23,-25.75,-56.4333,81.34,54,40,3.33
290,Gravdal,NO,2021-03-26 23:19:23,68.1214,13.5031,37.85,78,82,12.21
291,Tselinnoye,RU,2021-03-26 23:19:24,53.0833,85.6667,8.4,98,67,3.38
292,Irbit,RU,2021-03-26 23:19:24,57.6705,63.071,33.03,98,100,3.91
293,Flagstaff,US,2021-03-26 23:19:24,35.1981,-111.6513,33.8,93,90,11.5
294,Ramana,AZ,2021-03-26 23:19:25,40.4422,49.9806,46.4,93,90,6.91
295,Gat,IL,2021-03-26 23:18:03,31.61,34.7642,53.01,100,99,11.03
296,Chicama,PE,2021-03-26 23:19:25,-7.8447,-79.1469,69.8,88,40,5.75
297,Tanout,NE,2021-03-26 23:19:26,14.9709,8.8879,68.45,14,19,17.72
298,Puerto Del Rosario,ES,2021-03-26 23:19:26,28.5004,-13.8627,66.2,68,0,5.75
299,Moussoro,TD,2021-03-26 23:19:26,13.6408,16.4901,76.59,15,56,18.5
300,Arawa,PG,2021-03-26 23:19:27,-6.2132,155.5367,82.72,82,99,5.14
301,Bedesa,ET,2021-03-26 23:19:27,8.9,40.7833,62.76,22,3,2.19
302,Sosua,DO,2021-03-26 23:19:28,19.7667,-70.5167,78.8,78,40,17.27
303,San Jose De Gracia,MX,2021-03-26 23:19:28,20.6667,-102.5833,81.09,6,100,6.6
304,Olinda,BR,2021-03-26 23:19:28,-8.0089,-34.8553,78.8,78,40,4.61
305,Sulangan,PH,2021-03-26 23:19:29,11.1373,123.7228,81.12,77,83,10.33
306,Morehead,US,2021-03-26 23:19:29,37.2711,-87.1764,66.99,48,1,5.75
307,Rota,ES,2021-03-26 23:19:29,36.6224,-6.3586,60.01,63,0,8.05
308,Salmon Creek,US,2021-03-26 23:15:13,45.7107,-122.649,54.0,50,90,4.61
309,Salvador,SV,2021-03-26 23:19:30,13.8333,-88.9167,87.8,65,20,12.66
310,Irgakly,RU,2021-03-26 23:19:30,44.3611,44.7556,38.5,78,76,10.4
311,Vao,NC,2021-03-26 23:19:31,-22.6667,167.4833,78.08,74,15,13.47
312,Carutapera,BR,2021-03-26 23:19:31,-1.195,-46.02,73.2,95,100,1.83
313,Lasa,IT,2021-03-26 23:19:31,46.6166,10.7002,51.01,81,0,2.3
314,Vila Velha,BR,2021-03-26 23:18:23,-20.3297,-40.2925,78.8,78,0,5.75
315,Fuxin,CN,2021-03-26 23:19:07,42.0156,121.6589,46.38,77,100,8.81
316,Cayenne,GF,2021-03-26 23:19:32,4.9333,-52.3333,81.0,78,40,8.05
317,Xuanhua,CN,2021-03-26 23:19:33,40.6103,115.0447,46.72,82,0,0.18
318,Pastavy,BY,2021-03-26 23:19:33,55.1168,26.8326,38.93,81,15,3.56
319,Bethel,US,2021-03-26 23:19:33,41.3712,-73.414,71.6,35,1,16.11
320,Thompson,CA,2021-03-26 23:19:34,55.7435,-97.8558,24.8,80,90,14.97
321,Makakilo City,US,2021-03-26 23:19:34,21.3469,-158.0858,80.6,69,75,8.05
322,Cingoli,IT,2021-03-26 23:19:34,43.3733,13.2025,55.0,76,82,6.13
323,Havelock,US,2021-03-26 23:19:35,34.8791,-76.9013,69.8,83,75,4.61
324,Purpe,RU,2021-03-26 23:19:35,64.4803,76.6897,5.88,90,65,9.71
325,Bagdarin,RU,2021-03-26 23:19:35,54.4333,113.6,19.44,96,100,2.68
326,Nkowakowa,ZA,2021-03-26 23:19:36,-23.8878,30.2871,57.2,62,0,2.3
327,Kokopo,PG,2021-03-26 23:19:26,-4.352,152.2633,82.63,69,98,4.92
328,Muscatine,US,2021-03-26 23:19:36,41.4667,-91.1335,50.0,81,90,4.61
329,Ketchikan,US,2021-03-26 23:19:37,55.3422,-131.6461,42.8,93,90,8.05
330,Sorland,NO,2021-03-26 23:19:37,67.667,12.6934,40.48,78,100,19.3
331,Clonakilty,IE,2021-03-26 23:19:37,51.6231,-8.8706,36.0,93,40,18.41
332,Avera,US,2021-03-26 23:19:38,33.194,-82.5271,69.8,87,75,5.7
333,Aklavik,CA,2021-03-26 23:19:38,68.2191,-135.0107,-0.4,65,98,9.22
334,Klaksvik,FO,2021-03-26 23:19:38,62.2266,-6.589,37.4,48,40,20.71
335,Srednekolymsk,RU,2021-03-26 23:19:39,67.45,153.6833,-4.72,85,46,4.14
336,Saint George,US,2021-03-26 23:19:39,37.1041,-113.5841,61.0,25,40,8.05
337,Mehamn,NO,2021-03-26 23:19:39,71.0357,27.8492,35.6,60,0,20.71
338,Waipawa,NZ,2021-03-26 23:19:40,-41.4122,175.5153,69.8,64,47,16.11
339,Patnos,TR,2021-03-26 23:19:40,39.2336,42.8634,29.28,91,98,3.51
340,Dunedin,NZ,2021-03-26 23:19:41,-45.8742,170.5036,66.0,59,66,3.0
341,Maniwaki,CA,2021-03-26 23:19:41,46.3834,-75.966,32.0,100,100,9.22
342,Rio Gallegos,AR,2021-03-26 23:19:41,-51.6226,-69.2181,51.8,66,0,10.36
343,Bilma,NE,2021-03-26 23:19:42,18.6853,12.9164,67.44,19,0,15.93
344,Palauig,PH,2021-03-26 23:19:42,15.435,119.9045,80.55,68,83,3.94
345,Vyartsilya,RU,2021-03-26 23:19:42,62.1764,30.693,33.42,92,100,3.0
346,West Des Moines,US,2021-03-26 23:19:43,41.572,-93.7453,52.0,62,75,6.91
347,Alta,NO,2021-03-26 23:19:43,69.9689,23.2717,35.6,60,100,6.91
348,Greymouth,NZ,2021-03-26 23:15:38,-42.4667,171.2,63.1,67,65,5.32
349,Sao Joao Da Barra,BR,2021-03-26 23:19:44,-21.6403,-41.0511,77.05,85,19,9.91
350,Riyadh,SA,2021-03-26 23:19:44,24.6877,46.7219,84.2,16,0,10.36
351,Lavrentiya,RU,2021-03-26 23:19:44,65.5833,-171.0,2.71,79,100,7.27
352,Mucuri,BR,2021-03-26 23:19:45,-18.0864,-39.5508,78.19,74,0,8.55
353,Sitka,US,2021-03-26 23:19:22,57.0531,-135.33,42.8,81,90,3.44
354,East London,ZA,2021-03-26 23:19:45,-33.0153,27.9116,67.66,87,59,11.61
355,Parrita,CR,2021-03-26 23:19:46,9.5201,-84.3225,78.8,64,20,16.11
356,Lata,PT,2021-03-26 23:19:46,40.1629,-8.3327,53.01,90,4,7.0
357,Buraydah,SA,2021-03-26 23:19:46,26.326,43.975,71.6,35,0,16.11
358,Malartic,CA,2021-03-26 23:19:47,48.1335,-78.1328,35.6,60,90,9.22
359,Champerico,GT,2021-03-26 23:19:47,14.3,-91.9167,87.8,66,40,6.91
360,Dongsheng,CN,2021-03-26 23:19:47,39.8161,109.9776,39.49,22,16,9.17
361,Elmwood Park,US,2021-03-26 23:17:12,41.9211,-87.8092,41.0,81,90,5.75
362,Bhadra,IN,2021-03-26 23:19:48,29.1167,75.1667,73.29,39,0,2.64
363,Ahuimanu,US,2021-03-26 23:19:48,21.4447,-157.8378,80.6,78,40,10.36
364,Port Hardy,CA,2021-03-26 23:19:49,50.6996,-127.4199,46.4,81,90,9.22
365,Waiuku,NZ,2021-03-26 23:19:49,-37.25,174.75,70.0,56,40,18.41
366,Serendah,MY,2021-03-26 23:19:49,3.3646,101.6041,77.0,100,20,2.3
367,Labuhan,ID,2021-03-26 23:19:50,-6.8844,112.2051,77.95,89,97,4.79
368,Mecca,SA,2021-03-26 23:19:50,21.4267,39.8261,71.74,52,0,6.08
369,Yenagoa,NG,2021-03-26 23:19:23,4.9247,6.2642,78.3,84,27,4.97
370,Onega,RU,2021-03-26 23:19:51,63.9061,38.1404,17.33,96,17,2.04
371,Deputatskiy,RU,2021-03-26 23:19:51,69.3,139.9,-1.8,72,100,0.76
372,Penzance,GB,2021-03-26 23:19:51,50.1186,-5.5371,43.0,75,20,21.85
373,Pacifica,US,2021-03-26 23:19:52,37.6138,-122.4869,62.6,34,1,14.97
374,Mama,RU,2021-03-26 23:19:52,58.3106,112.8986,19.11,95,100,1.48
375,Sembe,CG,2021-03-26 23:19:52,1.6481,14.5806,69.53,97,47,1.88
376,Usinsk,RU,2021-03-26 23:19:53,65.9939,57.5281,16.39,95,85,10.6
377,Khuzdar,PK,2021-03-26 23:19:53,27.7384,66.6434,68.67,15,0,5.14
378,Yarada,IN,2021-03-26 23:19:54,17.65,83.2667,77.0,88,35,2.3
379,Hokota,JP,2021-03-26 23:19:54,36.15,140.5167,52.0,53,20,3.44
380,Pringsewu,ID,2021-03-26 23:19:54,-5.3582,104.9744,73.49,97,97,2.59
381,Ipora,BR,2021-03-26 23:19:55,-16.4419,-51.1178,74.25,68,100,1.36
382,Mayo,US,2021-03-26 23:19:55,38.8876,-76.5119,71.6,35,1,16.11
383,Coahuayana,MX,2021-03-26 23:19:55,18.7333,-103.6833,84.2,39,20,6.4
384,Takhli,TH,2021-03-26 23:19:56,15.2634,100.3438,81.0,99,100,10.4
385,Teguise,ES,2021-03-26 23:19:56,29.0605,-13.564,66.2,72,0,5.75
386,Tokonou,GN,2021-03-26 23:19:57,9.65,-9.7833,79.74,15,7,4.07
387,Campos Novos,BR,2021-03-26 23:19:57,-27.4017,-51.225,62.17,98,72,5.23
388,Chake Chake,TZ,2021-03-26 23:19:57,-5.2459,39.7666,79.92,75,68,4.27
389,Southern Pines,US,2021-03-26 23:19:58,35.174,-79.3923,73.4,78,1,11.5
390,Isangel,VU,2021-03-26 23:19:58,-19.55,169.2667,82.4,83,75,6.04
391,Niamey,NE,2021-03-26 23:17:10,13.5137,2.1098,89.6,12,8,10.36
392,Kargasok,RU,2021-03-26 23:19:59,59.0556,80.8572,32.13,94,100,10.33
393,Chokurdakh,RU,2021-03-26 23:19:59,70.6333,147.9167,-20.38,97,83,5.26
394,San Jose,US,2021-03-26 23:17:09,37.3394,-121.895,72.0,21,1,11.5
395,Rosetta,EG,2021-03-26 23:20:00,31.4044,30.4164,55.4,47,40,12.66
396,Kremnica,SK,2021-03-26 23:20:00,48.7052,18.9183,39.99,84,2,1.01
397,High Prairie,CA,2021-03-26 23:20:00,55.4334,-116.4858,32.14,84,69,4.21
398,Husavik,IS,2021-03-26 23:20:01,66.0449,-17.3389,17.6,62,75,4.61
399,Balabac,PH,2021-03-26 23:20:01,7.9868,117.0645,81.36,78,55,9.51
400,Marsaxlokk,MT,2021-03-26 23:20:01,35.8419,14.5431,54.0,82,0,4.61
401,Khandyga,RU,2021-03-26 23:20:02,62.6667,135.6,10.38,80,100,4.41
402,Celestun,MX,2021-03-26 23:20:02,20.8667,-90.4,81.45,74,2,13.22
403,Adrar,MR,2021-03-26 23:20:02,20.5022,-10.0711,75.09,7,0,9.78
404,Alice Springs,AU,2021-03-26 23:20:04,-23.7,133.8833,73.4,64,36,8.88
405,Chingirlau,KZ,2021-03-26 23:20:05,51.095,54.0814,27.63,96,100,7.23
406,Abha,SA,2021-03-26 23:20:05,18.2164,42.5053,60.8,58,0,4.61
407,Bud,US,2021-03-26 23:20:05,39.447,-86.1758,53.01,80,100,5.53
408,Tynda,RU,2021-03-26 23:20:06,55.1667,124.7167,22.64,95,100,5.61
409,Skala,PL,2021-03-26 23:20:06,50.2305,19.8536,43.0,75,45,2.3
410,Dunmore East,IE,2021-03-26 23:20:06,52.1514,-6.9861,37.99,81,0,13.8
411,Ugoofaaru,MV,2021-03-26 23:20:07,5.6667,73.0,84.34,73,100,13.24
412,Hasaki,JP,2021-03-26 23:20:07,35.7333,140.8333,52.0,57,20,3.44
413,Caravelas,BR,2021-03-26 23:20:08,-17.7125,-39.2481,76.03,77,0,5.68
414,Neiafu,TO,2021-03-26 23:20:08,-18.65,-173.9833,84.2,74,40,12.66
415,Komsomolskiy,UZ,2021-03-26 23:20:08,40.4272,71.7189,51.8,87,100,4.61
416,Khakhea,BW,2021-03-26 23:20:09,-24.6895,23.494,69.98,34,24,7.49
417,West Hartford,US,2021-03-26 23:15:33,41.762,-72.742,71.6,33,75,19.57
418,Itupiranga,BR,2021-03-26 23:20:09,-5.1347,-49.3267,74.01,91,45,1.95
419,Ust-Koksa,RU,2021-03-26 23:20:09,50.2696,85.6108,9.23,78,24,1.36
420,Saint-Louis,SN,2021-03-26 23:20:10,16.3333,-15.0,91.4,16,0,14.58
421,Erzin,TR,2021-03-26 23:17:01,36.9559,36.2,46.0,59,14,3.36
422,Birin,NP,2021-03-26 23:20:10,26.8865,88.0718,56.88,21,0,5.97
423,Jumilla,ES,2021-03-26 23:20:11,38.4792,-1.325,53.01,79,63,2.35
424,Cap-Aux-Meules,CA,2021-03-26 23:20:11,47.3821,-61.8597,33.8,100,100,21.85
425,Sungaipenuh,ID,2021-03-26 23:20:11,-2.0833,101.3833,65.21,98,100,1.36
426,Flin Flon,CA,2021-03-26 23:20:12,54.7682,-101.865,24.8,46,20,9.22
427,Waw,SS,2021-03-26 23:20:12,7.7029,27.9953,76.46,66,100,8.32
428,Belyy Yar,RU,2021-03-26 23:20:12,53.6039,91.3903,12.2,92,16,2.24
429,Farkhor,TJ,2021-03-26 23:20:13,37.4922,69.4036,55.4,87,20,4.47
430,Rudsar,IR,2021-03-26 23:20:13,37.1376,50.288,50.47,86,2,0.38
431,Kikwit,CD,2021-03-26 23:20:13,-5.041,18.8162,70.3,97,100,1.12
432,Verkhoyansk,RU,2021-03-26 23:20:14,67.5447,133.385,3.79,93,100,2.75
433,Lakes Entrance,AU,2021-03-26 23:20:14,-37.8811,147.981,64.0,74,84,3.87
434,Kushmurun,KZ,2021-03-26 23:20:14,52.4503,64.6311,27.68,97,100,6.58
435,Marzuq,YE,2021-03-26 23:20:15,14.4,46.4667,63.61,22,50,6.26
436,Bermejo,AR,2021-03-26 23:20:15,-32.8833,-68.8,57.2,82,40,0.94
437,Puerto Baquerizo Moreno,EC,2021-03-26 23:20:15,-0.9,-89.6,82.4,78,75,6.91
438,Itoman,JP,2021-03-26 23:20:16,26.1247,127.6694,73.4,68,75,14.97
439,Mount Gambier,AU,2021-03-26 23:20:16,-37.8333,140.7667,59.0,88,40,6.91
440,Vila Franca Do Campo,PT,2021-03-26 23:20:16,37.7167,-25.4333,55.4,76,20,6.91
441,Oktyabrskiy,RU,2021-03-26 23:20:17,54.4815,53.471,30.43,96,100,3.8
442,Paamiut,GL,2021-03-26 23:20:17,61.994,-49.6678,-3.35,77,49,20.94
443,Jeremoabo,BR,2021-03-26 23:20:18,-10.075,-38.4808,75.94,56,100,12.33
444,Ati,TD,2021-03-26 23:20:18,13.2154,18.3353,78.39,13,52,17.78
445,Baksan,RU,2021-03-26 23:20:18,43.6881,43.5369,39.2,70,90,2.24
446,Shirwal,IN,2021-03-26 23:20:19,18.1333,73.9833,76.15,23,0,2.35
447,Nhulunbuy,AU,2021-03-26 23:20:19,-12.2333,136.7667,84.2,84,40,4.61
448,Victor Harbor,AU,2021-03-26 23:20:19,-35.5667,138.6167,64.0,82,8,4.0
449,Raska,RS,2021-03-26 23:20:20,43.2872,20.6153,32.0,100,0,1.14
450,Abadiania,BR,2021-03-26 23:17:09,-16.2042,-48.7069,68.0,68,0,1.14
451,Dedovichi,RU,2021-03-26 23:20:20,57.5517,29.9502,32.9,90,11,1.81
452,Teya,RU,2021-03-26 23:20:20,60.3778,92.6267,22.14,91,100,8.28
453,Raudeberg,NO,2021-03-26 23:20:21,61.9875,5.1352,39.99,94,100,22.66
454,Coracao De Jesus,BR,2021-03-26 23:20:21,-16.6853,-44.365,77.0,44,0,8.05
455,Liberal,US,2021-03-26 23:20:22,37.0431,-100.921,68.0,21,1,20.71
456,Pauini,BR,2021-03-26 23:20:22,-7.7136,-66.9764,75.34,95,40,2.39
457,Kinston,US,2021-03-26 23:16:09,35.2627,-77.5816,73.99,83,40,8.05
458,Inirida,CO,2021-03-26 23:20:22,3.8653,-67.9239,73.02,98,100,2.48
459,Mabaruma,GY,2021-03-26 23:20:23,8.2,-59.7833,72.14,98,72,3.87
460,Umm Lajj,SA,2021-03-26 23:20:23,25.0213,37.2685,67.44,48,1,15.21
461,Qasigiannguit,GL,2021-03-26 23:20:23,68.8193,-51.1922,-11.2,44,10,8.05
462,Bangaon,IN,2021-03-26 23:20:24,23.0667,88.8167,77.0,61,20,5.21
463,San Cristobal,VE,2021-03-26 23:20:24,7.7669,-72.225,71.6,100,75,2.3
464,Esmeraldas,BR,2021-03-26 23:20:25,-19.7625,-44.3139,80.6,57,0,6.91
465,Borogontsy,RU,2021-03-26 23:20:25,62.6683,131.1683,10.29,93,100,8.46
466,Oranjemund,NA,2021-03-26 23:20:25,-28.55,16.4333,60.69,83,0,1.9
467,Santa Fe,AR,2021-03-26 23:20:26,-31.6333,-60.7,69.01,76,61,4.0
468,Votkinsk,RU,2021-03-26 23:20:26,57.0486,53.9872,30.0,85,100,1.99
469,Rafiganj,IN,2021-03-26 23:20:27,24.8167,84.65,62.6,63,0,5.3
470,Kendari,ID,2021-03-26 23:20:27,-3.945,122.4989,76.35,92,100,2.93
471,Meadow Lake,US,2021-03-26 23:20:27,34.8014,-106.5436,55.4,22,90,10.36
472,Meulaboh,ID,2021-03-26 23:20:28,4.1363,96.1285,76.24,83,99,2.13
473,Soc Trang,VN,2021-03-26 23:20:28,9.6033,105.98,78.8,94,20,4.61
474,College,US,2021-03-26 23:20:28,64.8569,-147.8028,27.0,54,90,11.5
475,Bilibino,RU,2021-03-26 23:20:29,68.0546,166.4372,-12.57,93,96,1.5
476,Berlevag,NO,2021-03-26 23:20:29,70.8578,29.0864,35.6,60,0,20.71
477,Banjar,ID,2021-03-26 23:20:30,-8.19,114.9675,77.0,88,20,3.44
478,Baykit,RU,2021-03-26 23:20:30,61.67,96.37,8.56,99,100,2.62
479,Najran,SA,2021-03-26 23:19:11,17.4924,44.1277,66.2,24,0,2.3
480,Coihaique,CL,2021-03-26 23:20:30,-45.5752,-72.0662,57.2,67,75,5.97
481,Jackson,US,2021-03-26 23:16:47,42.4165,-122.8345,63.0,31,1,3.44
482,Espanola,US,2021-03-26 23:16:46,35.9911,-106.0806,48.99,39,90,5.75
483,Leh,IN,2021-03-26 23:20:31,34.1667,77.5833,36.57,46,4,3.94
484,Comodoro Rivadavia,AR,2021-03-26 23:16:03,-45.8667,-67.5,57.2,88,0,4.61
485,Tammisaari,FI,2021-03-26 23:17:08,59.9736,23.4339,34.0,91,76,7.09
486,Mega,ET,2021-03-26 23:20:32,4.05,38.3,61.75,43,60,6.13
487,Tebingtinggi,ID,2021-03-26 23:20:32,3.3285,99.1625,77.0,100,40,2.3
488,Yulara,AU,2021-03-26 23:20:32,-25.2406,130.9889,77.0,61,40,3.44
489,Flinders,AU,2021-03-26 23:20:33,-34.5833,150.8552,73.0,63,7,3.0
490,Sinnamary,GF,2021-03-26 23:20:33,5.3833,-52.95,77.88,83,26,10.89
491,Chiman,PK,2021-03-26 23:20:33,32.5463,73.8138,62.6,82,26,6.29
492,Komatipoort,ZA,2021-03-26 23:20:34,-25.4332,31.9548,69.01,91,51,4.09
493,Pemangkat,ID,2021-03-26 23:20:34,1.1667,108.9667,75.36,94,100,8.19
494,Bubaque,GW,2021-03-26 23:18:12,11.2833,-15.8333,76.71,75,7,21.34
495,Fort Nelson,CA,2021-03-26 23:20:35,58.8053,-122.7002,39.2,52,75,8.05
496,Zemio,CF,2021-03-26 23:20:35,5.0314,25.1361,66.6,96,100,4.18
497,Tura,IN,2021-03-26 23:20:35,25.5198,90.2201,68.63,15,0,3.27
498,Formosa,AR,2021-03-26 23:20:36,-26.1775,-58.1781,75.2,94,75,13.8
499,Praxedis Guerrero,MX,2021-03-26 23:20:36,31.3667,-106.0167,72.0,11,1,16.11
500,Tasgaon,IN,2021-03-26 23:20:36,17.0333,74.6,81.1,20,2,6.69
501,Korla,CN,2021-03-26 23:20:37,41.7597,86.1469,54.9,31,99,7.2
502,Deqing,CN,2021-03-26 23:20:37,30.5448,119.9599,64.99,81,96,7.0
503,Yumen,CN,2021-03-26 23:20:37,40.2833,97.2,46.99,19,59,11.68
504,Amsterdam,NL,2021-03-26 23:19:26,52.374,4.8897,44.01,87,75,14.97
505,Port-Gentil,GA,2021-03-26 23:20:38,-0.7193,8.7815,80.6,83,20,9.22
506,Mugango,TZ,2021-03-26 23:20:38,-1.6833,33.7,75.2,78,75,11.5
507,Siniscola,IT,2021-03-26 23:20:39,40.5719,9.6922,46.4,93,75,3.74
508,Bowen,AU,2021-03-26 23:20:39,-20.0167,148.2333,84.2,74,40,10.36
509,Goma,CD,2021-03-26 23:20:39,-1.6792,29.2228,60.6,91,86,2.77
510,Chumikan,RU,2021-03-26 23:20:40,54.7183,135.315,15.03,91,97,4.09
511,Yabrud,SY,2021-03-26 23:20:40,33.9674,36.6574,39.2,65,0,10.36
512,Wells,GB,2021-03-26 23:18:13,51.2079,-2.649,39.2,81,40,13.8
513,Iracoubo,GF,2021-03-26 23:20:41,5.4802,-53.2011,77.99,81,19,11.48
514,Payo,ID,2021-03-26 23:20:41,-3.7508,103.6372,72.86,98,100,1.23
515,Kahului,US,2021-03-26 23:15:49,20.8947,-156.47,84.2,61,40,17.27
516,Ballina,AU,2021-03-26 23:20:41,-28.8667,153.5667,71.6,78,77,5.75
517,Tautira,PF,2021-03-26 23:20:42,-17.7333,-149.15,82.4,69,40,11.5
518,Kichera,RU,2021-03-26 23:20:42,55.9375,110.0997,18.23,83,94,6.06
519,Roald,NO,2021-03-26 23:20:43,62.5833,6.1333,41.0,87,90,19.57
520,Etropole,BG,2021-03-26 23:20:43,42.8333,24.0,32.0,80,40,4.61
521,Bosaso,SO,2021-03-26 23:20:43,11.2842,49.1816,76.01,77,95,3.36
522,Arlit,NE,2021-03-26 23:20:44,18.7369,7.3853,67.08,13,0,10.8
523,Gunupur,IN,2021-03-26 23:20:44,19.0833,83.8167,76.66,55,33,0.78
524,Baruun-Urt,MN,2021-03-26 23:20:44,46.6806,113.2792,39.81,28,66,16.06
525,Chimbote,PE,2021-03-26 23:20:45,-9.0853,-78.5783,71.69,78,26,8.84
526,Reyes,BO,2021-03-26 23:20:45,-14.3167,-67.3833,82.4,83,40,2.57
527,Empalme,MX,2021-03-26 23:20:45,27.9667,-110.8167,75.0,56,1,14.97
528,Brunico,IT,2021-03-26 23:20:46,46.7958,11.9364,37.0,81,95,2.1
529,Redwood City,US,2021-03-26 23:20:46,37.4852,-122.2364,73.0,22,1,3.44
530,Palmaner,IN,2021-03-26 23:20:47,13.2,78.75,67.55,75,21,1.07
531,Puerto Lleras,CO,2021-03-26 23:20:47,3.0223,-73.4044,73.67,91,92,3.38
532,Muros,ES,2021-03-26 23:20:47,42.7762,-9.0603,43.0,90,49,9.91
533,Batticaloa,LK,2021-03-26 23:20:48,7.7102,81.6924,79.59,83,100,0.87
534,Missungwi,TZ,2021-03-26 23:20:48,-2.85,33.0833,69.8,78,20,9.22
535,Slave Lake,CA,2021-03-26 23:20:49,55.2834,-114.769,33.8,60,75,6.91
536,Chapais,CA,2021-03-26 23:20:49,49.7834,-74.8492,28.4,59,90,16.11
537,Nouadhibou,MR,2021-03-26 23:20:49,20.931,-17.0347,64.4,88,20,14.97
538,Maralal,KE,2021-03-26 23:20:50,1.0968,36.698,59.49,56,100,4.7
539,Puerto Escondido,MX,2021-03-26 23:20:50,15.85,-97.0667,84.2,79,40,5.75
540,Karaton,ID,2021-03-26 23:20:50,-6.3424,106.1045,81.0,83,40,2.3
541,Along,IN,2021-03-26 23:20:51,28.1667,94.7667,57.94,48,16,2.01
542,Rundu,NA,2021-03-26 23:20:51,-17.9333,19.7667,67.17,84,95,4.85
543,Tarnova,RO,2021-03-26 23:20:51,46.3167,21.8,39.2,70,0,5.75
544,Panguipulli,CL,2021-03-26 23:20:52,-39.6333,-72.3333,62.6,55,6,4.61
545,Alexandria,EG,2021-03-26 23:20:52,31.2156,29.9553,55.4,47,40,12.66
546,Abu Zabad,SD,2021-03-26 23:20:53,12.35,29.25,77.4,14,4,18.59
547,Pochutla,MX,2021-03-26 23:20:53,15.7432,-96.4661,86.0,54,40,9.22
548,Koulamoutou,GA,2021-03-26 23:20:53,-1.1303,12.4736,71.65,93,100,1.61
549,Ulladulla,AU,2021-03-26 23:20:54,-35.35,150.4667,69.8,56,2,13.8
550,Rucheng,CN,2021-03-26 23:20:54,32.3883,120.5553,64.0,86,100,9.48
551,Mazagao,BR,2021-03-26 23:20:54,-0.115,-51.2894,80.6,83,20,8.05
552,Xucheng,CN,2021-03-26 23:20:55,20.35,110.1288,71.6,94,75,4.47
553,Granville,AU,2021-03-26 23:20:55,-33.8333,151.0167,73.0,56,0,9.22
554,Buchanan,LR,2021-03-26 23:19:05,5.8808,-10.0467,77.0,100,20,6.53
555,Sistranda,NO,2021-03-26 23:20:55,63.7256,8.834,48.2,57,0,27.63
556,Severo-Kurilsk,RU,2021-03-26 23:20:56,50.6789,156.125,26.33,93,100,17.94
557,Chesma,RU,2021-03-26 23:20:56,53.8111,60.6533,15.33,92,100,4.61
558,La Rioja,ES,2021-03-26 23:18:25,42.25,-2.5,52.0,71,90,5.75
559,Homer,US,2021-03-26 23:20:57,59.6425,-151.5483,34.0,64,75,17.27
560,Talara,PE,2021-03-26 23:20:57,-4.5772,-81.2719,73.22,75,26,12.5
561,Loreto,MX,2021-03-26 23:20:57,22.2667,-101.9667,79.27,4,99,12.57
562,Shitanjing,CN,2021-03-26 23:20:58,39.2342,106.3439,43.72,15,0,5.48
563,Sandur,IN,2021-03-26 23:20:58,15.1,76.55,78.21,34,65,8.12
564,Ust-Maya,RU,2021-03-26 23:20:58,60.4167,134.5333,13.68,86,100,6.13
565,Ipixuna,BR,2021-03-26 23:20:59,-1.7625,-48.8043,78.8,83,40,5.75
566,Anadyr,RU,2021-03-26 23:20:59,64.75,177.4833,0.0,78,0,8.95
567,Turukhansk,RU,2021-03-26 23:20:59,65.8167,87.9833,26.82,96,100,14.41
568,Oriximina,BR,2021-03-26 23:21:00,-1.7656,-55.8661,75.11,90,94,3.76
569,Acari,PE,2021-03-26 23:21:00,-15.4311,-74.6158,74.44,72,36,7.07
570,Barcelos,PT,2021-03-26 23:21:00,41.5388,-8.6151,51.01,87,0,4.61
571,Houma,US,2021-03-26 23:19:23,29.5958,-90.7195,78.01,94,90,13.8
572,Inyonga,TZ,2021-03-26 23:21:01,-6.7167,32.0667,63.66,98,100,3.24
573,Lerwick,GB,2021-03-26 23:21:01,60.1545,-1.1494,41.0,81,75,18.41
574,Bella Union,UY,2021-03-26 23:21:02,-30.2752,-57.6007,69.73,93,100,4.12
575,Theunissen,ZA,2021-03-26 23:21:02,-28.411,26.7011,57.18,50,4,1.36
576,Rudnogorsk,RU,2021-03-26 23:21:02,57.2639,103.7519,11.7,99,97,2.39
577,Salalah,OM,2021-03-26 23:16:45,17.0151,54.0924,75.2,27,0,3.44
578,Sao Miguel Do Araguaia,BR,2021-03-26 23:21:03,-13.275,-50.1628,78.66,61,76,3.49
579,Pangai,TO,2021-03-26 23:21:03,-19.8,-174.35,84.2,79,40,8.05
580,Taft,IR,2021-03-26 23:21:03,31.7471,54.2088,71.6,21,3,2.3
581,Lindi,TZ,2021-03-26 23:21:04,-10.0,39.7167,73.99,96,100,3.6
