City_ID,City,Country,Date,Lat,Lng,Max Temp,Humidity,Cloudiness,Wind Speed,Current Description
0,Kijang,KR,2021-03-28 01:40:47,35.2442,129.2139,60.8,67,75,10.36,broken clouds
1,Kaitangata,NZ,2021-03-28 01:40:47,-46.2817,169.8464,64.0,79,100,11.01,moderate rain
2,New Norfolk,AU,2021-03-28 01:40:48,-42.7826,147.0587,64.0,39,75,10.0,broken clouds
3,Kapaa,US,2021-03-28 01:40:48,22.0752,-159.319,78.8,73,20,14.97,few clouds
4,Novi Ligure,IT,2021-03-28 01:40:48,44.7608,8.7896,51.01,83,96,3.4,overcast clouds
5,Tuktoyaktuk,CA,2021-03-28 01:40:49,69.4541,-133.0374,-11.2,77,40,5.75,scattered clouds
6,Hermanus,ZA,2021-03-28 01:40:49,-34.4187,19.2345,57.0,83,18,3.0,few clouds
7,Bilibino,RU,2021-03-28 01:40:50,68.0546,166.4372,-0.22,78,6,2.1,clear sky
8,Redmond,US,2021-03-28 01:40:50,47.674,-122.1215,54.0,70,100,2.17,overcast clouds
9,Vaini,TO,2021-03-28 01:38:19,-21.2,-175.2,86.0,74,40,9.22,light rain
10,Luderitz,NA,2021-03-28 01:40:51,-26.6481,15.1594,63.25,68,0,10.76,clear sky
11,Jamestown,US,2021-03-28 01:36:22,42.097,-79.2353,57.2,47,1,4.94,clear sky
12,Bluff,NZ,2021-03-28 01:38:31,-46.6,168.3333,62.01,84,100,5.01,light rain
13,Fairbanks,US,2021-03-28 01:36:40,64.8378,-147.7164,26.6,63,90,10.36,overcast clouds
14,Ballyshannon,IE,2021-03-28 01:40:52,54.5,-8.1833,48.0,94,100,7.0,light rain
15,La Libertad,EC,2021-03-28 01:40:52,-2.2333,-80.9,75.13,81,44,5.19,scattered clouds
16,Kismayo,SO,2021-03-28 01:40:52,-0.3582,42.5454,78.94,78,73,10.07,broken clouds
17,Khorixas,NA,2021-03-28 01:40:53,-20.3667,14.9667,69.37,51,4,2.37,clear sky
18,Karratha,AU,2021-03-28 01:40:53,-20.7377,116.8463,89.13,47,42,2.42,scattered clouds
19,Ushuaia,AR,2021-03-28 01:37:53,-54.8,-68.3,53.6,47,20,25.32,light rain
20,Butaritari,KI,2021-03-28 01:38:36,3.0707,172.7902,80.65,80,67,12.01,moderate rain
21,Alofi,NU,2021-03-28 01:40:54,-19.0595,-169.9187,84.2,79,15,18.41,light rain
22,Pisco,PE,2021-03-28 01:32:03,-13.7,-76.2167,68.0,77,0,11.5,clear sky
23,Marsa Matruh,EG,2021-03-28 01:37:01,31.3525,27.2453,57.2,47,40,4.61,scattered clouds
24,Japura,ID,2021-03-28 01:40:54,-0.3167,102.35,83.44,71,91,2.68,overcast clouds
25,Busselton,AU,2021-03-28 01:40:55,-33.65,115.3333,73.0,58,0,4.0,clear sky
26,Castro,BR,2021-03-28 01:38:37,-24.7911,-50.0119,64.29,90,100,1.1,light rain
27,El Dorado,US,2021-03-28 01:40:55,38.7666,-120.5177,66.0,39,1,3.44,clear sky
28,Jacqueville,CI,2021-03-28 01:40:56,5.2052,-4.4146,80.6,89,0,5.75,clear sky
29,Kamenka,RU,2021-03-28 01:40:56,51.3223,42.7678,34.0,86,100,8.59,overcast clouds
30,Ixtapa,MX,2021-03-28 01:36:57,20.7,-105.2,73.4,68,75,11.5,broken clouds
31,Atuona,PF,2021-03-28 01:40:56,-9.8,-139.0333,81.21,76,100,20.09,overcast clouds
32,Aklavik,CA,2021-03-28 01:40:57,68.2191,-135.0107,-7.6,59,100,9.22,overcast clouds
33,Champerico,GT,2021-03-28 01:40:57,14.3,-91.9167,72.0,86,37,5.55,scattered clouds
34,Rikitea,PF,2021-03-28 01:38:21,-23.1203,-134.9692,79.45,72,0,18.28,clear sky
35,Baykit,RU,2021-03-28 01:40:58,61.67,96.37,26.82,94,98,1.74,overcast clouds
36,Saskylakh,RU,2021-03-28 01:40:58,71.9167,114.0833,-2.9,97,99,0.6,overcast clouds
37,Port Alfred,ZA,2021-03-28 01:40:58,-33.5906,26.891,61.34,78,69,6.53,light rain
38,Albany,US,2021-03-28 01:34:03,42.6001,-73.9662,48.0,62,9,1.07,clear sky
39,Avarua,CK,2021-03-28 01:40:59,-21.2078,-159.775,84.2,74,75,19.57,broken clouds
40,Rawlins,US,2021-03-28 01:40:59,41.7911,-107.2387,44.6,33,1,14.97,clear sky
41,Nanortalik,GL,2021-03-28 01:38:32,60.1432,-45.2371,18.66,61,100,7.05,overcast clouds
42,College,US,2021-03-28 01:41:00,64.8569,-147.8028,26.6,54,75,13.8,light snow
43,Saint-Philippe,RE,2021-03-28 01:38:19,-21.3585,55.7679,75.2,83,75,4.61,broken clouds
44,Nichlaul,IN,2021-03-28 01:41:00,27.3167,83.7333,76.12,15,0,4.5,clear sky
45,Kropotkin,RU,2021-03-28 01:41:01,45.4375,40.5756,41.0,77,100,17.85,light rain
46,Nouadhibou,MR,2021-03-28 01:41:01,20.931,-17.0347,64.4,88,0,14.97,clear sky
47,Acari,PE,2021-03-28 01:41:01,-15.4311,-74.6158,73.99,71,8,3.18,clear sky
48,Benjamin Hill,MX,2021-03-28 01:41:02,30.1667,-111.1,75.0,14,0,3.0,clear sky
49,Kodiak,US,2021-03-28 01:41:02,57.79,-152.4072,35.6,38,1,24.16,clear sky
50,Saryg-Sep,RU,2021-03-28 01:41:02,51.5,95.6,23.45,75,100,2.77,overcast clouds
51,Puerto Ayora,EC,2021-03-28 01:38:17,-0.7393,-90.3518,79.0,90,97,1.99,overcast clouds
52,Gushikawa,JP,2021-03-28 01:41:03,26.3544,127.8686,78.8,78,90,18.41,overcast clouds
53,Korla,CN,2021-03-28 01:41:03,41.7597,86.1469,54.37,52,27,6.44,scattered clouds
54,Bethpage,US,2021-03-28 01:41:04,40.7443,-73.4821,53.6,58,1,12.66,clear sky
55,Chum Phae,TH,2021-03-28 01:41:04,16.5443,102.0992,85.03,58,99,2.17,overcast clouds
56,Ponta Do Sol,PT,2021-03-28 01:41:04,32.6667,-17.1,64.4,88,75,19.57,broken clouds
57,Mangan,IN,2021-03-28 01:41:05,27.5167,88.5333,74.52,17,0,0.34,clear sky
58,Tiksi,RU,2021-03-28 01:41:05,71.6872,128.8694,8.65,92,99,2.46,overcast clouds
59,Vallenar,CL,2021-03-28 01:41:05,-28.5708,-70.7581,66.2,57,0,2.13,clear sky
60,Bengkulu,ID,2021-03-28 01:38:24,-3.8004,102.2655,76.82,83,100,6.62,overcast clouds
61,Mar Del Plata,AR,2021-03-28 01:38:25,-38.0023,-57.5575,61.0,100,90,20.71,light rain
62,Hobart,AU,2021-03-28 01:36:01,-42.8794,147.3294,64.0,51,75,17.27,broken clouds
63,General Pico,AR,2021-03-28 01:36:22,-35.6566,-63.7568,54.1,89,37,5.95,scattered clouds
64,Tahta,EG,2021-03-28 01:41:06,26.7693,31.5021,53.49,57,0,17.72,clear sky
65,Lavrentiya,RU,2021-03-28 01:41:07,65.5833,-171.0,-1.32,85,97,1.59,overcast clouds
66,Cape Town,ZA,2021-03-28 01:41:07,-33.9258,18.4232,62.01,82,0,1.14,clear sky
67,Saint George,US,2021-03-28 01:37:30,37.1041,-113.5841,68.0,17,1,3.83,clear sky
68,Lensk,RU,2021-03-28 01:41:08,60.7253,114.9278,24.57,87,100,6.53,overcast clouds
69,Kruisfontein,ZA,2021-03-28 01:41:08,-34.0033,24.7314,57.99,79,57,3.94,broken clouds
70,Kaduqli,SD,2021-03-28 01:41:08,11.0167,29.7167,76.93,14,0,14.58,clear sky
71,Cherskiy,RU,2021-03-28 01:41:09,68.75,161.3,4.84,75,24,4.54,few clouds
72,Padang,ID,2021-03-28 01:41:09,-0.9492,100.3543,77.0,94,75,6.91,broken clouds
73,Am Timan,TD,2021-03-28 01:38:26,11.0297,20.2827,81.91,32,50,8.01,scattered clouds
74,Kayerkan,RU,2021-03-28 01:41:10,69.3497,87.7602,-1.7,99,92,1.16,overcast clouds
75,Carnarvon,AU,2021-03-28 01:38:29,-24.8667,113.6333,84.2,58,0,2.3,clear sky
76,Hithadhoo,MV,2021-03-28 01:37:17,-0.6,73.0833,83.5,73,100,14.56,overcast clouds
77,Goderich,CA,2021-03-28 01:40:41,43.7501,-81.7165,44.6,87,100,4.61,overcast clouds
78,Coolum Beach,AU,2021-03-28 01:41:10,-26.5333,153.1,82.0,91,26,1.01,scattered clouds
79,Lompoc,US,2021-03-28 01:41:11,34.6391,-120.4579,62.6,63,0,11.5,clear sky
80,Castleisland,IE,2021-03-28 01:41:11,52.2333,-9.4667,51.8,87,75,21.85,broken clouds
81,Mantua,IT,2021-03-28 01:40:06,45.1667,10.7833,48.99,83,100,1.01,overcast clouds
82,Matagami,CA,2021-03-28 01:41:12,49.7502,-77.6328,28.4,64,1,3.49,clear sky
83,Duxbury,US,2021-03-28 01:41:12,42.0418,-70.6723,43.0,87,1,9.22,clear sky
84,Lagoa,PT,2021-03-28 01:41:12,39.05,-27.9833,59.43,84,81,13.94,broken clouds
85,Nemuro,JP,2021-03-28 01:41:13,43.3236,145.575,46.4,61,75,14.97,broken clouds
86,Ilulissat,GL,2021-03-28 01:38:31,69.2167,-51.1,-16.6,58,1,3.44,clear sky
87,Tungor,RU,2021-03-28 01:41:13,53.3808,142.9564,27.28,81,11,12.8,few clouds
88,Bambous Virieux,MU,2021-03-28 01:41:14,-20.3428,57.7575,75.99,94,40,6.91,scattered clouds
89,Batagay,RU,2021-03-28 01:41:14,67.6333,134.6333,14.0,83,100,1.43,overcast clouds
90,Mataura,NZ,2021-03-28 01:38:20,-46.1927,168.8643,62.01,84,100,5.01,overcast clouds
91,Monster,NL,2021-03-28 01:41:14,52.0258,4.175,46.0,87,100,13.8,overcast clouds
92,Judenburg,AT,2021-03-28 01:41:15,47.1667,14.6667,46.99,53,100,3.0,overcast clouds
93,Tasiilaq,GL,2021-03-28 01:41:15,65.6145,-37.6368,17.6,49,90,8.05,overcast clouds
94,Guymon,US,2021-03-28 01:41:15,36.6828,-101.4816,53.6,35,1,9.22,clear sky
95,Horta,PT,2021-03-28 01:36:50,38.5333,-28.6333,59.41,83,100,10.4,overcast clouds
96,Sakakah,SA,2021-03-28 01:41:16,29.9697,40.2064,51.8,30,0,8.05,clear sky
97,Anloga,GH,2021-03-28 01:41:16,5.7947,0.8973,82.4,83,20,6.91,few clouds
98,Tromso,NO,2021-03-28 01:41:17,69.6496,18.957,35.6,93,75,11.5,light intensity drizzle
99,Bredasdorp,ZA,2021-03-28 01:38:23,-34.5322,20.0403,48.2,87,63,5.75,broken clouds
100,Kirensk,RU,2021-03-28 01:41:17,57.7853,108.1119,25.65,90,100,5.5,overcast clouds
101,Sturgis,US,2021-03-28 01:41:18,41.7992,-85.4192,55.4,94,90,13.8,heavy intensity rain
102,Chokurdakh,RU,2021-03-28 01:41:18,70.6333,147.9167,4.26,84,100,6.8,overcast clouds
103,Asfi,MA,2021-03-28 01:41:18,32.2994,-9.2372,62.69,66,100,7.56,overcast clouds
104,Punta Arenas,CL,2021-03-28 01:38:36,-53.15,-70.9167,48.2,71,0,50.64,light rain
105,Codrington,AU,2021-03-28 01:41:19,-38.2667,141.9667,66.31,55,8,11.83,clear sky
106,Huarmey,PE,2021-03-28 01:41:19,-10.0681,-78.1522,70.52,81,77,6.93,broken clouds
107,Puerto Carreno,CO,2021-03-28 01:41:20,6.189,-67.4859,80.76,65,45,8.39,scattered clouds
108,Katsuura,JP,2021-03-28 01:41:20,35.1333,140.3,66.99,78,100,5.99,light rain
109,Ostrovnoy,RU,2021-03-28 01:41:20,68.0531,39.5131,31.12,91,93,22.64,overcast clouds
110,Hilo,US,2021-03-28 01:39:47,19.7297,-155.09,78.8,61,90,14.97,light rain
111,Cidreira,BR,2021-03-28 01:41:21,-30.1811,-50.2056,72.39,86,100,5.97,overcast clouds
112,Port-Gentil,GA,2021-03-28 01:41:21,-0.7193,8.7815,81.07,78,59,7.72,broken clouds
113,Torbay,CA,2021-03-28 01:41:22,47.6666,-52.7314,28.0,86,75,29.93,snow
114,Sobolevo,RU,2021-03-28 01:41:22,54.4299,31.8996,34.12,95,95,8.03,overcast clouds
115,Uaua,BR,2021-03-28 01:41:22,-9.8414,-39.4817,71.01,78,8,11.54,clear sky
116,Amahai,ID,2021-03-28 01:41:23,-3.3333,128.9167,77.4,91,100,6.51,light rain
117,Dikson,RU,2021-03-28 01:38:30,73.5069,80.5464,-19.84,100,100,8.93,overcast clouds
118,Ribeira Grande,PT,2021-03-28 01:38:18,38.5167,-28.7,60.4,82,100,10.07,overcast clouds
119,Necochea,AR,2021-03-28 01:41:24,-38.5473,-58.7368,61.0,85,9,4.0,clear sky
120,Coihaique,CL,2021-03-28 01:41:24,-45.5752,-72.0662,50.76,98,100,6.24,overcast clouds
121,High Level,CA,2021-03-28 01:41:24,58.5169,-117.136,33.8,69,90,12.66,snow
122,Tura,IN,2021-03-28 01:41:25,25.5198,90.2201,85.37,10,0,1.77,clear sky
123,Kalaleh,IR,2021-03-28 01:41:25,37.3807,55.4916,48.27,98,100,15.41,overcast clouds
124,Bukama,CD,2021-03-28 01:41:25,-9.2,25.85,65.97,98,97,1.03,overcast clouds
125,Saldanha,ZA,2021-03-28 01:41:26,-33.0117,17.9442,51.8,82,10,3.44,clear sky
126,Okhotsk,RU,2021-03-28 01:41:26,59.3833,143.3,11.82,73,100,3.15,overcast clouds
127,Amapa,BR,2021-03-28 01:41:26,1.0,-52.0,70.66,99,100,2.59,overcast clouds
128,Upernavik,GL,2021-03-28 01:41:27,72.7868,-56.1549,-29.72,94,55,5.08,broken clouds
129,Payo,ID,2021-03-28 01:41:27,-3.7508,103.6372,77.16,89,100,2.24,overcast clouds
130,Flinders,AU,2021-03-28 01:41:27,-34.5833,150.8552,73.0,65,0,4.0,clear sky
131,East London,ZA,2021-03-28 01:41:28,-33.0153,27.9116,63.46,72,27,10.36,light rain
132,Kwinana,AU,2021-03-28 01:41:28,-32.25,115.7667,78.01,49,0,2.3,clear sky
133,Pierre,US,2021-03-28 01:41:28,44.3683,-100.351,44.01,60,40,10.36,scattered clouds
134,Buala,SB,2021-03-28 01:32:05,-8.145,159.5921,84.99,70,64,10.65,light rain
135,Sumenep,ID,2021-03-28 01:37:12,-7.0167,113.8667,84.31,70,25,2.89,scattered clouds
136,Dunyapur,PK,2021-03-28 01:41:29,29.7995,71.7196,73.4,78,0,4.79,smoke
137,Floro,NO,2021-03-28 01:41:29,61.5996,5.0328,41.0,75,75,17.27,broken clouds
138,Severo-Kurilsk,RU,2021-03-28 01:41:30,50.6789,156.125,28.45,79,92,34.65,overcast clouds
139,Pangnirtung,CA,2021-03-28 01:41:30,66.1451,-65.7125,-5.84,78,100,3.87,overcast clouds
140,Ocampo,MX,2021-03-28 01:41:30,21.65,-101.5,65.3,14,2,8.12,clear sky
141,Ancud,CL,2021-03-28 01:41:31,-41.8697,-73.8203,51.01,87,0,3.44,clear sky
142,Freeport,US,2021-03-28 01:40:09,40.6576,-73.5832,54.0,58,1,12.66,clear sky
143,Souillac,MU,2021-03-28 01:38:21,-20.5167,57.5167,73.4,94,40,6.91,scattered clouds
144,Beyneu,KZ,2021-03-28 01:41:32,45.3167,55.2,35.83,98,100,12.5,overcast clouds
145,Klaksvik,FO,2021-03-28 01:41:32,62.2266,-6.589,46.4,100,90,24.16,overcast clouds
146,Cayenne,GF,2021-03-28 01:41:32,4.9333,-52.3333,80.01,94,75,2.3,broken clouds
147,Port Elizabeth,ZA,2021-03-28 01:41:33,-33.918,25.5701,59.0,88,0,11.5,light rain
148,Siparia,TT,2021-03-28 01:41:33,10.1333,-61.5,75.0,94,100,1.01,overcast clouds
149,Arona,ES,2021-03-28 01:41:33,28.0996,-16.681,64.99,72,20,5.75,few clouds
150,Blackwater,AU,2021-03-28 01:41:34,-23.5833,148.8833,87.3,35,3,8.39,clear sky
151,Praia Da Vitoria,PT,2021-03-28 01:41:34,38.7333,-27.0667,60.01,94,75,5.77,broken clouds
152,Whyalla,AU,2021-03-28 01:41:34,-33.0333,137.5833,69.8,49,90,9.22,overcast clouds
153,Henties Bay,NA,2021-03-28 01:41:35,-22.116,14.2845,61.0,94,0,3.0,clear sky
154,Petropavlovsk-Kamchatskiy,RU,2021-03-28 01:38:19,53.0452,158.6483,33.8,44,98,24.61,overcast clouds
155,Airai,TL,2021-03-28 01:41:35,-8.9266,125.4092,72.0,64,100,2.98,overcast clouds
156,Esperance,AU,2021-03-28 01:41:36,-33.8667,121.9,71.6,60,1,9.22,clear sky
157,Hamilton,US,2021-03-28 01:40:48,39.1834,-84.5333,64.99,72,1,9.22,clear sky
158,Guaraniacu,BR,2021-03-28 01:41:36,-25.1008,-52.8781,66.76,86,99,1.74,overcast clouds
159,Pevek,RU,2021-03-28 01:41:37,69.7008,170.3133,-2.87,86,22,5.14,few clouds
160,Geraldton,AU,2021-03-28 01:41:37,-28.7667,114.6,77.0,41,0,10.36,clear sky
161,Arraial Do Cabo,BR,2021-03-28 01:41:37,-22.9661,-42.0278,77.49,88,4,10.38,clear sky
162,Staroaleyskoye,RU,2021-03-28 01:41:38,51.0061,82.0,33.33,100,100,3.56,light snow
163,Khatanga,RU,2021-03-28 01:41:38,71.9667,102.5,0.41,96,89,7.61,overcast clouds
164,Zhezkazgan,KZ,2021-03-28 01:41:38,47.8043,67.7144,30.78,96,100,11.54,light snow
165,Clonakilty,IE,2021-03-28 01:41:39,51.6231,-8.8706,51.01,93,75,21.85,light intensity drizzle
166,Santa Rosa De Aguan,HN,2021-03-28 01:41:39,15.95,-85.7167,79.47,76,4,19.71,clear sky
167,Latung,PH,2021-03-28 01:41:40,5.5,120.8833,82.87,74,56,7.47,light rain
168,Santa Cruz,BO,2021-03-28 01:37:10,-17.8,-63.1667,68.0,88,75,14.97,broken clouds
169,Mandiana,GN,2021-03-28 01:41:40,10.6333,-8.6833,79.09,17,91,4.72,overcast clouds
170,Zaymishche,RU,2021-03-28 01:41:40,52.7264,32.2334,35.58,92,34,7.05,scattered clouds
171,Praia,CV,2021-03-28 01:41:41,14.9215,-23.5087,68.0,73,40,27.63,scattered clouds
172,Vao,NC,2021-03-28 01:41:41,-22.6667,167.4833,78.31,77,19,11.54,few clouds
173,Kulhudhuffushi,MV,2021-03-28 01:41:41,6.6221,73.07,82.51,75,94,15.03,overcast clouds
174,Port-Cartier,CA,2021-03-28 01:41:42,50.0334,-66.8654,18.0,85,20,2.91,few clouds
175,Whitehorse,CA,2021-03-28 01:37:45,60.7161,-135.0538,28.0,93,90,13.8,snow
176,Chuy,UY,2021-03-28 01:41:42,-33.6971,-53.4616,66.88,92,100,5.39,overcast clouds
177,Gat,IL,2021-03-28 01:41:43,31.61,34.7642,55.0,100,48,3.8,scattered clouds
178,Port Augusta,AU,2021-03-28 01:41:43,-32.5,137.7667,73.0,49,90,9.22,overcast clouds
179,Cabo San Lucas,MX,2021-03-28 01:41:43,22.8909,-109.9124,71.01,68,20,9.22,few clouds
180,Tucurui,BR,2021-03-28 01:41:44,-3.7661,-49.6725,71.76,97,100,3.6,overcast clouds
181,Baruun-Urt,MN,2021-03-28 01:41:44,46.6806,113.2792,30.33,43,94,26.78,overcast clouds
182,Tiruchchendur,IN,2021-03-28 01:41:44,8.4833,78.1167,78.8,83,40,5.93,haze
183,San Quintin,MX,2021-03-28 01:41:45,30.4833,-115.95,61.05,61,0,8.41,clear sky
184,Abha,SA,2021-03-28 01:38:07,18.2164,42.5053,57.2,62,0,2.08,clear sky
185,Leningradskiy,RU,2021-03-28 01:41:45,69.3833,178.4167,-1.98,88,17,8.32,few clouds
186,Bacoli,IT,2021-03-28 01:41:46,40.7995,14.0783,52.0,87,0,1.14,clear sky
187,Kashi,CN,2021-03-28 01:41:46,39.4547,75.9797,53.6,37,75,2.24,dust
188,Longyearbyen,SJ,2021-03-28 01:41:46,78.2186,15.6401,30.2,69,40,25.32,snow
189,Sibolga,ID,2021-03-28 01:41:29,1.7427,98.7792,83.05,73,20,0.69,few clouds
190,Puri,IN,2021-03-28 01:41:47,19.8,85.85,75.2,73,20,5.75,mist
191,Kinablangan,PH,2021-03-28 01:41:47,7.6947,126.5503,83.03,74,96,9.33,heavy intensity rain
192,Zyryanka,RU,2021-03-28 01:41:48,65.75,150.85,5.61,81,26,7.4,scattered clouds
193,Yellowknife,CA,2021-03-28 01:37:43,62.456,-114.3525,24.01,50,40,13.8,scattered clouds
194,Bandarbeyla,SO,2021-03-28 01:41:48,9.4942,50.8122,77.34,81,29,8.75,scattered clouds
195,San Cristobal,VE,2021-03-28 01:41:48,7.7669,-72.225,73.4,94,75,2.3,fog
196,Wahpeton,US,2021-03-28 01:41:49,46.2652,-96.6059,37.99,56,90,10.36,overcast clouds
197,Hambantota,LK,2021-03-28 01:41:49,6.1241,81.1185,75.2,100,40,2.3,scattered clouds
198,Saint-Pierre,RE,2021-03-28 01:41:49,-21.3393,55.4781,75.2,83,20,4.61,few clouds
199,Beringovskiy,RU,2021-03-28 01:41:50,63.05,179.3167,5.99,88,100,8.39,overcast clouds
200,Narsaq,GL,2021-03-28 01:41:50,60.9167,-46.05,10.4,52,75,4.97,broken clouds
201,Viedma,AR,2021-03-28 01:41:50,-40.8135,-62.9967,57.07,55,54,11.9,broken clouds
202,Marzuq,YE,2021-03-28 01:41:51,14.4,46.4667,62.51,43,4,4.34,clear sky
203,Ambovombe,MG,2021-03-28 01:41:51,-25.1667,46.0833,70.63,89,0,4.9,clear sky
204,Perth,AU,2021-03-28 01:37:20,-31.9333,115.8333,77.0,46,0,12.66,clear sky
205,Port Blair,IN,2021-03-28 01:41:52,11.6667,92.75,85.01,67,100,6.02,overcast clouds
206,Nioki,CD,2021-03-28 01:41:52,-2.7167,17.6833,70.72,87,65,1.16,broken clouds
207,Sinnamary,GF,2021-03-28 01:41:52,5.3833,-52.95,76.53,88,84,11.74,broken clouds
208,Manali,IN,2021-03-28 01:41:53,13.1667,80.2667,78.8,89,40,9.04,mist
209,Fukue,JP,2021-03-28 01:41:53,32.6881,128.8419,57.2,94,75,6.91,moderate rain
210,Nador,MA,2021-03-28 01:41:53,35.174,-2.9287,60.8,82,90,12.66,overcast clouds
211,Siguiri,GN,2021-03-28 01:41:54,11.6667,-9.5,80.22,12,31,2.17,scattered clouds
212,Naze,JP,2021-03-28 01:41:54,28.3667,129.4833,71.6,94,75,18.41,broken clouds
213,Buraydah,SA,2021-03-28 01:41:54,26.326,43.975,57.2,47,0,12.66,clear sky
214,Kamaishi,JP,2021-03-28 01:37:02,39.2667,141.8833,48.2,76,75,2.3,broken clouds
215,Oga,IT,2021-03-28 01:41:55,46.4631,10.347,45.0,100,80,1.14,broken clouds
216,Hasaki,JP,2021-03-28 01:41:55,35.7333,140.8333,70.0,63,75,20.71,broken clouds
217,Biak,ID,2021-03-28 01:41:56,-0.9131,122.8766,82.42,68,100,0.81,light rain
218,Koumac,NC,2021-03-28 01:41:56,-20.5667,164.2833,82.35,70,46,7.49,scattered clouds
219,Malakal,SS,2021-03-28 01:41:56,9.5334,31.6605,80.69,25,0,4.23,clear sky
220,Djibo,BF,2021-03-28 01:41:57,14.1022,-1.6306,77.56,11,0,13.38,clear sky
221,Umm Kaddadah,SD,2021-03-28 01:41:57,13.6017,26.6876,66.78,20,4,22.24,clear sky
222,Fare,PF,2021-03-28 01:41:58,-16.7,-151.0167,82.36,74,4,21.85,light rain
223,Chimbote,PE,2021-03-28 01:41:58,-9.0853,-78.5783,70.05,82,65,6.15,broken clouds
224,Luorong,CN,2021-03-28 01:41:58,24.4058,109.6086,74.68,81,97,2.21,overcast clouds
225,Kurali,IN,2021-03-28 01:41:59,30.8315,76.5785,68.0,64,20,2.3,few clouds
226,Aitape,PG,2021-03-28 01:41:59,-3.1374,142.3475,79.83,86,100,4.43,overcast clouds
227,Coquimbo,CL,2021-03-28 01:42:00,-29.9533,-71.3436,59.0,88,90,8.05,overcast clouds
228,Wadena,US,2021-03-28 01:42:00,46.4425,-95.1361,35.6,69,25,6.91,scattered clouds
229,Bozeman,US,2021-03-28 01:42:00,45.6796,-111.0386,53.6,30,1,8.05,clear sky
230,Balkanabat,TM,2021-03-28 01:42:01,39.5108,54.3671,47.16,56,91,14.34,overcast clouds
231,Port Hedland,AU,2021-03-28 01:42:01,-20.3167,118.5667,89.6,58,95,5.75,overcast clouds
232,Sao Jose Da Coroa Grande,BR,2021-03-28 01:42:01,-8.8978,-35.1478,76.05,86,76,1.36,broken clouds
233,Dongsheng,CN,2021-03-28 01:42:02,39.8161,109.9776,36.12,25,70,16.55,broken clouds
234,Shibetsu,JP,2021-03-28 01:42:02,43.659,145.132,46.4,61,75,14.97,broken clouds
235,Moose Factory,CA,2021-03-28 01:42:02,51.2585,-80.6094,21.2,73,1,9.22,clear sky
236,Samarai,PG,2021-03-28 01:42:03,-10.6167,150.6667,84.78,74,80,14.65,broken clouds
237,Trinidad,BO,2021-03-28 01:42:03,-14.8333,-64.9,74.37,94,100,0.47,overcast clouds
238,Praya,CV,2021-03-28 01:41:41,14.9215,-23.5087,68.0,73,40,27.63,scattered clouds
239,Tomatlan,MX,2021-03-28 01:42:03,19.9333,-105.25,68.22,65,100,0.87,overcast clouds
240,Georgetown,MY,2021-03-28 01:40:18,5.4112,100.3354,84.0,83,20,3.44,few clouds
241,Evensk,RU,2021-03-28 01:42:04,61.95,159.2333,11.26,68,27,4.05,scattered clouds
242,Tyret Pervaya,RU,2021-03-28 01:42:04,53.6703,102.3106,24.12,84,48,8.5,scattered clouds
243,Weihai,CN,2021-03-28 01:42:05,37.5017,122.1136,52.75,74,85,9.6,overcast clouds
244,Awjilah,LY,2021-03-28 01:42:05,29.1081,21.2869,52.83,46,0,5.73,clear sky
245,Dhidhdhoo,MV,2021-03-28 01:42:05,6.8833,73.1,81.95,76,86,14.16,overcast clouds
246,Prainha,BR,2021-03-28 01:42:06,-1.8,-53.48,72.79,97,80,2.84,broken clouds
247,Andenes,NO,2021-03-28 01:42:06,69.3143,16.1194,37.0,93,75,18.41,broken clouds
248,Muisne,EC,2021-03-28 01:42:07,0.6,-80.0333,76.06,84,69,0.69,broken clouds
249,Shubarkuduk,KZ,2021-03-28 01:42:07,49.1447,56.4872,25.59,93,100,8.23,overcast clouds
250,Luangwa,ZM,2021-03-28 01:42:07,-15.6167,30.4167,69.64,94,88,2.66,light rain
251,Yulara,AU,2021-03-28 01:42:08,-25.2406,130.9889,82.4,51,97,11.5,overcast clouds
252,Balikpapan,ID,2021-03-28 01:42:08,-1.2675,116.8289,79.14,79,100,1.68,moderate rain
253,Berlevag,NO,2021-03-28 01:42:08,70.8578,29.0864,36.64,91,100,18.59,overcast clouds
254,San Patricio,US,2021-03-28 01:42:09,28.017,-97.5169,75.99,88,75,23.02,haze
255,Xiangfan,CN,2021-03-28 01:42:09,32.0422,112.1448,67.41,66,0,6.55,clear sky
256,Smithers,CA,2021-03-28 01:42:09,54.7804,-127.1743,39.2,81,90,11.5,snow
257,Shenjiamen,CN,2021-03-28 01:42:10,29.9576,122.298,58.01,88,32,6.71,scattered clouds
258,Lebu,CL,2021-03-28 01:42:10,-37.6167,-73.65,55.74,87,0,18.41,clear sky
259,Carora,VE,2021-03-28 01:42:10,10.1755,-70.0827,74.37,67,100,11.86,overcast clouds
260,Sompeta,IN,2021-03-28 01:42:11,18.9333,84.6,83.82,53,0,7.85,clear sky
261,Holme,DK,2021-03-28 01:42:11,56.1138,10.1725,41.0,75,90,11.5,overcast clouds
262,Lasa,IT,2021-03-28 01:42:12,46.6166,10.7002,45.0,80,0,5.75,clear sky
263,Ossora,RU,2021-03-28 01:42:12,59.2353,163.0719,21.56,78,100,14.27,overcast clouds
264,Kitami,JP,2021-03-28 01:42:12,43.8031,143.8908,51.8,40,75,11.5,broken clouds
265,Baracoa,CU,2021-03-28 01:42:13,20.3467,-74.4958,76.66,80,37,14.05,scattered clouds
266,Sao Filipe,CV,2021-03-28 01:42:13,14.8961,-24.4956,69.31,76,2,14.63,clear sky
267,Lianzhou,CN,2021-03-28 01:42:13,24.7811,112.3825,74.26,82,100,0.67,overcast clouds
268,Touros,BR,2021-03-28 01:42:14,-5.1989,-35.4608,77.0,94,40,2.3,scattered clouds
269,Tokur,RU,2021-03-28 01:42:14,53.1333,132.9,30.65,82,99,1.92,overcast clouds
270,Yantzaza,EC,2021-03-28 01:42:14,-3.8278,-78.7594,67.64,98,100,0.87,light rain
271,Quatre Cocos,MU,2021-03-28 01:38:35,-20.2078,57.7625,77.0,94,40,6.91,scattered clouds
272,La Ronge,CA,2021-03-28 01:42:15,55.1001,-105.2842,24.8,54,16,5.75,few clouds
273,Esna,EG,2021-03-28 01:42:15,25.2934,32.554,55.49,43,0,17.74,clear sky
274,Carutapera,BR,2021-03-28 01:42:15,-1.195,-46.02,74.3,94,99,5.77,overcast clouds
275,Victoria,HK,2021-03-28 01:33:42,22.2855,114.1577,78.01,86,21,4.25,few clouds
276,Gorom-Gorom,BF,2021-03-28 01:42:16,14.4439,-0.2361,75.52,10,0,14.14,clear sky
277,Suntar,RU,2021-03-28 01:42:18,62.1444,117.6319,26.74,86,94,7.7,overcast clouds
278,Iqaluit,CA,2021-03-28 01:42:18,63.7506,-68.5145,-11.0,77,75,2.3,broken clouds
279,Kaeo,NZ,2021-03-28 01:42:19,-35.1,173.7833,69.01,87,100,7.0,overcast clouds
280,Jeremoabo,BR,2021-03-28 01:42:19,-10.075,-38.4808,68.99,96,8,5.88,clear sky
281,Grindavik,IS,2021-03-28 01:42:19,63.8424,-22.4338,33.8,93,75,13.8,broken clouds
282,Hammerfest,NO,2021-03-28 01:42:20,70.6634,23.6821,39.2,81,75,9.22,light rain
283,Nova Olinda Do Norte,BR,2021-03-28 01:42:20,-3.8881,-59.0942,74.08,95,75,2.84,broken clouds
284,Egvekinot,RU,2021-03-28 01:42:20,66.3167,-179.1667,-6.07,93,96,2.19,overcast clouds
285,Laguna,US,2021-03-28 01:42:21,38.421,-121.4238,73.4,23,1,4.61,clear sky
286,Shelburne,CA,2021-03-28 01:42:21,44.0787,-80.2041,41.0,91,53,8.79,broken clouds
287,Coromoro,CO,2021-03-28 01:42:21,6.2946,-73.0402,62.85,95,100,2.21,overcast clouds
288,Sao Felix Do Xingu,BR,2021-03-28 01:42:22,-6.6447,-51.995,71.46,97,96,1.03,overcast clouds
289,Istria,RO,2021-03-28 01:42:22,44.5667,28.7167,37.4,75,0,4.61,clear sky
290,Barrow,US,2021-03-28 01:38:28,71.2906,-156.7887,-11.2,70,1,5.75,clear sky
291,Yar-Sale,RU,2021-03-28 01:42:23,66.8333,70.8333,-7.01,100,100,3.33,overcast clouds
292,Fortuna,US,2021-03-28 01:42:23,40.5982,-124.1573,57.99,87,1,10.36,clear sky
293,Mersing,MY,2021-03-28 01:42:23,2.4312,103.8405,75.2,94,40,3.44,scattered clouds
294,Dubbo,AU,2021-03-28 01:38:10,-32.25,148.6167,75.2,43,37,5.75,scattered clouds
295,Road Town,VG,2021-03-28 01:42:24,18.4167,-64.6167,78.01,80,0,17.0,clear sky
296,Talnakh,RU,2021-03-28 01:42:24,69.4865,88.3972,2.84,98,89,0.16,overcast clouds
297,Kuching,MY,2021-03-28 01:42:24,1.55,110.3333,80.6,89,20,2.3,few clouds
298,Nikolskoye,RU,2021-03-28 01:42:25,59.7035,30.7861,39.99,70,0,6.71,clear sky
299,Estelle,US,2021-03-28 01:42:25,29.8458,-90.1067,77.0,94,75,12.66,broken clouds
300,Calabozo,VE,2021-03-28 01:42:18,8.9242,-67.4293,81.82,48,89,9.64,overcast clouds
301,Shirokiy,RU,2021-03-28 01:42:26,49.758,129.523,38.19,80,98,16.28,overcast clouds
302,San Juan,AR,2021-03-28 01:40:35,-31.5375,-68.5364,64.24,33,0,3.06,clear sky
303,Tommot,RU,2021-03-28 01:42:26,58.9564,126.2925,28.2,85,96,3.98,overcast clouds
304,Corinto,GR,2021-03-28 01:39:16,37.9407,22.9573,48.99,76,0,4.61,clear sky
305,Yarada,IN,2021-03-28 01:42:27,17.65,83.2667,81.27,65,4,5.28,clear sky
306,Karoti,GR,2021-03-28 01:42:27,41.4064,26.4256,40.01,83,12,0.74,few clouds
307,Vigrestad,NO,2021-03-28 01:42:28,58.5667,5.7,39.99,93,100,11.07,overcast clouds
308,Casian,PH,2021-03-28 01:42:28,11.035,119.7136,82.49,76,100,16.42,overcast clouds
309,Brazzaville,CG,2021-03-28 01:42:28,-4.2658,15.2832,75.2,83,100,3.44,overcast clouds
310,Alta Floresta,BR,2021-03-28 01:42:29,-9.8756,-56.0861,71.31,95,53,1.61,broken clouds
311,Krasnogvardeyets,RU,2021-03-28 01:42:29,52.6804,52.3635,33.1,98,100,8.5,overcast clouds
312,Aksarka,RU,2021-03-28 01:42:29,66.5606,67.7975,11.1,95,100,4.99,light snow
313,Savannah Bight,HN,2021-03-28 01:42:30,16.45,-85.85,80.01,85,0,25.19,clear sky
314,Sharjah,AE,2021-03-28 01:39:08,25.3573,55.4033,78.8,52,0,2.3,clear sky
315,Kuusamo,FI,2021-03-28 01:42:30,65.9667,29.1833,33.8,93,90,9.22,light rain
316,Provideniya,RU,2021-03-28 01:42:31,64.3833,-173.3,4.93,89,100,6.06,overcast clouds
317,Bandundu,CD,2021-03-28 01:42:31,-3.3167,17.3667,71.91,87,89,1.48,overcast clouds
318,Domodossola,IT,2021-03-28 01:42:31,46.1165,8.2931,48.0,76,16,5.53,few clouds
319,Mehamn,NO,2021-03-28 01:42:32,71.0357,27.8492,34.39,89,100,11.12,overcast clouds
320,Norman Wells,CA,2021-03-28 01:42:32,65.282,-126.8329,12.2,73,90,17.27,snow
321,Balti,MD,2021-03-28 01:42:32,47.7617,27.9289,41.0,72,55,3.31,light rain
322,Richards Bay,ZA,2021-03-28 01:42:33,-28.783,32.0377,69.73,81,100,17.72,light rain
323,Kotma,IN,2021-03-28 01:42:33,23.2,81.9667,77.14,15,0,2.28,clear sky
324,Morant Bay,JM,2021-03-28 01:38:22,17.8815,-76.4093,82.4,61,20,21.85,few clouds
325,Lodja,CD,2021-03-28 01:42:33,-3.4833,23.4333,70.3,87,100,1.81,overcast clouds
326,Powell River,CA,2021-03-28 01:42:34,49.8496,-124.5361,48.2,87,90,13.8,overcast clouds
327,Lata,PT,2021-03-28 01:42:34,40.1629,-8.3327,55.99,93,51,2.3,mist
328,Mana,GF,2021-03-28 01:42:34,5.6592,-53.7767,76.23,89,66,11.05,broken clouds
329,Diamantino,BR,2021-03-28 01:42:35,-14.4086,-56.4461,75.06,78,55,3.6,broken clouds
330,Kitob,UZ,2021-03-28 01:42:35,39.0843,66.8332,53.6,87,90,4.61,light rain
331,Olavarria,AR,2021-03-28 01:42:35,-36.8927,-60.3225,57.99,95,89,5.99,overcast clouds
332,Koshurnikovo,RU,2021-03-28 01:42:36,54.1667,93.3,21.49,90,100,2.39,light snow
333,Bethel,US,2021-03-28 01:38:30,41.3712,-73.414,57.2,51,1,3.71,clear sky
334,Cap Malheureux,MU,2021-03-28 01:42:36,-19.9842,57.6142,75.99,84,99,5.17,overcast clouds
335,Guadalupe Y Calvo,MX,2021-03-28 01:42:37,26.1,-106.9667,41.79,22,4,2.59,clear sky
336,Port Moresby,PG,2021-03-28 01:38:36,-9.4431,147.1797,87.8,70,40,8.05,scattered clouds
337,Guerrero Negro,MX,2021-03-28 01:38:22,27.9769,-114.0611,64.4,50,0,8.19,clear sky
338,Tamale,GH,2021-03-28 01:42:37,9.4008,-0.8393,84.33,56,89,6.55,overcast clouds
339,Majagual,CO,2021-03-28 01:42:38,8.5389,-74.6204,78.12,82,100,2.39,overcast clouds
340,Kavieng,PG,2021-03-28 01:38:20,-2.5744,150.7967,85.51,69,100,14.27,overcast clouds
341,Mahebourg,MU,2021-03-28 01:42:38,-20.4081,57.7,73.4,94,40,6.91,scattered clouds
342,Maniitsoq,GL,2021-03-28 01:42:38,65.4167,-52.9,-10.12,85,18,8.37,few clouds
343,Mayya,RU,2021-03-28 01:42:39,61.7333,130.2811,19.4,79,75,2.24,broken clouds
344,Te Anau,NZ,2021-03-28 01:42:39,-45.4167,167.7167,66.9,69,100,3.69,light rain
345,Faro,PT,2021-03-28 01:42:40,37.0194,-7.9322,62.6,63,0,9.22,clear sky
346,Tuatapere,NZ,2021-03-28 01:42:40,-46.1333,167.6833,62.01,83,100,3.0,moderate rain
347,Olinda,BR,2021-03-28 01:42:40,-8.0089,-34.8553,75.2,88,75,5.75,mist
348,Hami,CN,2021-03-28 01:42:41,42.8,93.45,55.33,49,100,10.38,overcast clouds
349,Mareeba,AU,2021-03-28 01:42:41,-17.0,145.4333,81.0,74,62,3.0,light rain
350,Marawi,PH,2021-03-28 01:42:41,7.9986,124.2928,82.0,79,95,4.0,overcast clouds
351,Itoman,JP,2021-03-28 01:42:42,26.1247,127.6694,78.01,83,40,18.41,scattered clouds
352,Vostok,RU,2021-03-28 01:42:42,46.4856,135.8833,42.93,90,67,3.62,broken clouds
353,Laem Sing,TH,2021-03-28 01:42:42,12.4816,102.0738,89.01,61,83,7.96,light rain
354,Warrington,GB,2021-03-28 01:37:46,53.3925,-2.5802,50.0,87,75,18.41,broken clouds
355,Quelimane,MZ,2021-03-28 01:42:43,-17.8786,36.8883,73.83,96,38,4.05,scattered clouds
356,Viru,PE,2021-03-28 01:42:43,-8.4167,-78.75,72.0,77,84,3.38,broken clouds
357,Faanui,PF,2021-03-28 01:42:44,-16.4833,-151.75,82.8,73,15,21.88,few clouds
358,Mamou,GN,2021-03-28 01:42:44,10.5,-12.0,70.25,70,3,2.98,clear sky
359,Sorong,ID,2021-03-28 01:40:26,-0.8833,131.25,78.4,86,100,4.29,light rain
360,Mastic Beach,US,2021-03-28 01:42:45,40.7668,-72.8521,52.0,66,1,8.08,clear sky
361,Aneho,TG,2021-03-28 01:42:45,6.2333,1.6,82.4,83,20,6.91,few clouds
362,Maniago,IT,2021-03-28 01:42:45,46.1706,12.7078,53.01,90,96,2.57,overcast clouds
363,Barra Patuca,HN,2021-03-28 01:42:46,15.8,-84.2833,78.48,74,0,11.3,clear sky
364,Miraflores,MX,2021-03-28 01:42:46,19.2167,-98.8083,77.0,25,40,9.22,scattered clouds
365,Neiafu,TO,2021-03-28 01:42:46,-18.65,-173.9833,86.0,74,40,10.36,scattered clouds
366,Newcastle,AU,2021-03-28 01:42:47,-32.9272,151.7765,75.99,43,40,4.61,scattered clouds
367,Carballo,ES,2021-03-28 01:42:47,43.213,-8.691,48.0,100,6,5.75,clear sky
368,Abulug,PH,2021-03-28 01:42:47,18.4453,121.4533,83.3,70,11,2.62,few clouds
369,Frederick,US,2021-03-28 01:42:06,39.4668,-77.3997,64.4,52,1,10.36,clear sky
370,Tocopilla,CL,2021-03-28 01:42:48,-22.092,-70.1979,67.42,74,15,2.71,few clouds
371,Sokoni,TZ,2021-03-28 01:42:48,-6.4333,39.55,78.8,83,75,11.5,broken clouds
372,Mananjary,MG,2021-03-28 01:42:49,-21.2167,48.3333,73.54,90,2,4.52,clear sky
373,Someshwar,IN,2021-03-28 01:42:49,13.5,75.0667,78.8,83,40,2.06,mist
374,Ulkan,RU,2021-03-28 01:42:49,57.243,107.3223,27.27,88,88,4.32,overcast clouds
375,Lorengau,PG,2021-03-28 01:42:50,-2.0226,147.2712,84.83,68,95,9.95,overcast clouds
376,Mohlin,CH,2021-03-28 01:42:50,47.5592,7.8433,39.0,87,15,3.11,few clouds
377,Katubao,PH,2021-03-28 01:42:50,5.8892,124.8294,80.6,78,90,4.61,light rain
378,Nikel,RU,2021-03-28 01:42:51,69.4128,30.222,37.4,81,90,12.66,overcast clouds
379,Puerto Escondido,MX,2021-03-28 01:42:51,15.85,-97.0667,80.6,74,1,4.0,clear sky
380,Kenai,US,2021-03-28 01:42:51,60.5544,-151.2583,34.0,34,1,16.11,clear sky
381,Moron,AR,2021-03-28 01:39:39,-34.6534,-58.6198,66.99,90,85,4.43,overcast clouds
382,Aksay,RU,2021-03-28 01:42:52,47.26,39.87,37.99,93,0,8.95,clear sky
383,Tazovskiy,RU,2021-03-28 01:42:52,67.4667,78.7,-0.47,97,89,8.95,overcast clouds
384,Zhaotong,CN,2021-03-28 01:42:53,27.3167,103.7167,59.5,51,0,6.53,clear sky
385,Asau,RO,2021-03-28 01:42:53,46.4333,26.4,39.0,49,95,5.39,overcast clouds
386,San Policarpo,PH,2021-03-28 01:42:53,12.1791,125.5072,82.04,80,99,9.26,overcast clouds
387,Poso,ID,2021-03-28 01:42:54,-1.3959,120.7524,79.79,81,100,1.12,overcast clouds
388,Florianopolis,BR,2021-03-28 01:42:54,-27.6146,-48.5012,75.2,88,75,4.61,broken clouds
389,Sao Jose Do Calcado,BR,2021-03-28 01:42:54,-21.0253,-41.6544,71.51,90,0,3.27,clear sky
390,Ruwi,OM,2021-03-28 01:42:55,23.5996,58.5507,75.2,38,0,2.3,clear sky
391,Betanzos,ES,2021-03-28 01:42:55,43.2804,-8.2147,48.99,100,6,5.75,clear sky
392,Atambua,ID,2021-03-28 01:42:56,-9.1061,124.8925,81.82,69,100,1.03,overcast clouds
393,Ketchikan,US,2021-03-28 01:42:56,55.3422,-131.6461,41.0,93,90,14.97,moderate rain
394,Vardo,NO,2021-03-28 01:42:56,70.3705,31.1107,37.04,95,100,21.05,overcast clouds
395,Poole,GB,2021-03-28 01:42:57,50.7167,-2.0,50.0,79,98,14.0,overcast clouds
396,Miguel Calmon,BR,2021-03-28 01:42:57,-11.4289,-40.595,66.06,63,64,2.57,broken clouds
397,Sorland,NO,2021-03-28 01:42:57,67.667,12.6934,37.62,62,64,23.4,broken clouds
398,Belaya Gora,RU,2021-03-28 01:42:58,68.5333,146.4167,6.19,82,34,4.21,scattered clouds
399,Vila Velha,BR,2021-03-28 01:42:58,-20.3297,-40.2925,77.0,83,0,1.14,clear sky
400,San Ramon,US,2021-03-28 01:40:37,37.7799,-121.978,73.4,23,1,13.8,clear sky
401,Alice Springs,AU,2021-03-28 01:42:59,-23.7,133.8833,87.01,47,11,12.66,few clouds
402,Portland,US,2021-03-28 01:38:55,45.5234,-122.6762,64.4,36,75,2.15,broken clouds
403,Santa Fe,AR,2021-03-28 01:42:59,-31.6333,-60.7,60.01,83,0,4.0,clear sky
404,Cradock,ZA,2021-03-28 01:42:59,-32.1642,25.6192,50.85,83,40,4.79,scattered clouds
405,Aripuana,BR,2021-03-28 01:43:00,-9.1667,-60.6333,72.14,97,26,0.94,scattered clouds
406,Swidnica,PL,2021-03-28 01:41:04,50.8438,16.4886,36.0,70,66,8.68,broken clouds
407,Uvira,CD,2021-03-28 01:43:00,-3.4067,29.1458,70.41,83,97,3.89,overcast clouds
408,Bischwiller,FR,2021-03-28 01:43:01,48.7659,7.8583,44.6,61,36,4.61,scattered clouds
409,Straumen,NO,2021-03-28 01:43:01,63.8709,11.2999,37.0,93,0,5.75,clear sky
410,Mehran,IR,2021-03-28 01:43:01,33.1222,46.1646,35.6,51,0,4.61,clear sky
411,The Valley,AI,2021-03-28 01:43:02,18.217,-63.0578,78.8,69,40,17.27,scattered clouds
412,Kauhajoki,FI,2021-03-28 01:43:02,62.4333,22.1833,42.01,75,0,10.36,clear sky
413,Kolondieba,ML,2021-03-28 01:43:03,11.0882,-6.8926,80.42,19,24,4.27,few clouds
414,Thompson,CA,2021-03-28 01:43:03,55.7435,-97.8558,15.8,57,20,3.44,few clouds
415,San Buenaventura,MX,2021-03-28 01:43:03,27.0833,-101.5333,81.95,12,100,10.54,overcast clouds
416,Mackay,AU,2021-03-28 01:43:04,-21.15,149.2,87.01,58,40,13.8,scattered clouds
417,Guanare,VE,2021-03-28 01:43:04,9.0418,-69.7421,78.89,57,100,3.62,overcast clouds
418,Vestmannaeyjar,IS,2021-03-28 01:43:04,63.4427,-20.2734,37.38,57,100,19.08,overcast clouds
419,Yenagoa,NG,2021-03-28 01:43:05,4.9247,6.2642,76.98,89,43,3.69,scattered clouds
420,Tubmanburg,LR,2021-03-28 01:43:05,6.8708,-10.8172,76.03,95,31,1.79,scattered clouds
421,Labuhan,ID,2021-03-28 01:43:06,-6.8844,112.2051,83.32,75,93,2.62,overcast clouds
422,Etampes,FR,2021-03-28 01:43:06,48.4333,2.15,43.0,92,74,1.99,broken clouds
423,Dunedin,NZ,2021-03-28 01:38:34,-45.8742,170.5036,66.99,72,42,6.67,scattered clouds
424,Sur,OM,2021-03-28 01:43:06,22.5667,59.5289,81.03,44,20,5.28,few clouds
425,Half Moon Bay,US,2021-03-28 01:43:07,37.4636,-122.4286,75.2,72,1,5.75,haze
426,Gari,RU,2021-03-28 01:43:07,59.4307,62.3497,19.83,95,50,6.91,scattered clouds
427,Rorvik,NO,2021-03-28 01:43:07,64.8621,11.2373,39.34,72,88,15.55,overcast clouds
428,Shache,CN,2021-03-28 01:43:08,38.4167,77.2406,52.95,45,57,8.01,broken clouds
429,Bereda,ES,2021-03-28 01:43:08,43.2686,-7.5406,42.01,100,4,1.1,clear sky
430,Marienburg,PL,2021-03-28 01:43:09,54.0359,19.0266,42.01,81,100,10.13,overcast clouds
431,Moose Jaw,CA,2021-03-28 01:43:09,50.4001,-105.5344,37.4,44,16,4.61,few clouds
432,Kalmunai,LK,2021-03-28 01:43:09,7.4167,81.8167,79.63,75,97,4.05,overcast clouds
433,Virginia Beach,US,2021-03-28 01:42:39,36.8529,-75.978,61.0,77,75,6.91,broken clouds
434,Rock Sound,BS,2021-03-28 01:43:10,24.9,-76.2,76.48,72,0,18.59,clear sky
435,Porto Velho,BR,2021-03-28 01:43:10,-8.7619,-63.9039,77.0,94,40,2.3,light rain
436,Nuevo Ideal,MX,2021-03-28 01:43:10,24.8875,-105.0728,57.18,14,97,6.82,overcast clouds
437,Akyab,MM,2021-03-28 01:43:11,20.15,92.9,80.78,42,82,4.32,broken clouds
438,Beloha,MG,2021-03-28 01:43:11,-25.1667,45.05,69.33,84,0,3.85,clear sky
439,Aykhal,RU,2021-03-28 01:43:12,66.0,111.5,14.83,93,94,5.32,overcast clouds
440,Arawa,PG,2021-03-28 01:43:12,-6.2132,155.5367,79.81,89,88,5.41,moderate rain
441,Si Bun Ruang,TH,2021-03-28 01:43:13,16.9667,102.2833,84.16,60,99,8.25,overcast clouds
442,Ati,TD,2021-03-28 01:43:13,13.2154,18.3353,77.4,14,6,18.95,clear sky
443,Honiara,SB,2021-03-28 01:43:13,-9.4333,159.95,86.41,71,40,9.86,scattered clouds
444,Kutum,SD,2021-03-28 01:43:14,14.2,24.6667,61.05,23,40,16.69,scattered clouds
445,Sigli,ID,2021-03-28 01:43:14,5.3848,95.9609,82.49,73,99,0.69,overcast clouds
446,Maceio,BR,2021-03-28 01:43:14,-9.6658,-35.7353,75.2,94,75,4.61,mist
447,Imperial,US,2021-03-28 01:43:15,33.0334,-115.4175,80.6,13,1,5.75,clear sky
448,Nuuk,GL,2021-03-28 01:43:15,64.1835,-51.7216,1.4,71,20,21.85,few clouds
449,Qaanaaq,GL,2021-03-28 01:43:15,77.484,-69.3632,-12.19,87,100,5.7,overcast clouds
450,Port Shepstone,ZA,2021-03-28 01:43:16,-30.7414,30.455,66.38,77,5,21.36,clear sky
451,Zhicheng,CN,2021-03-28 01:43:16,30.2956,111.5047,71.01,53,0,3.0,clear sky
452,Arcachon,FR,2021-03-28 01:43:17,44.5875,-1.0519,39.2,93,0,3.44,clear sky
453,Makakilo City,US,2021-03-28 01:43:17,21.3469,-158.0858,84.2,48,40,9.22,scattered clouds
454,Akdepe,TM,2021-03-28 01:43:17,42.0551,59.3788,48.2,53,0,9.22,clear sky
455,Bodden Town,KY,2021-03-28 01:43:18,19.2833,-81.25,80.6,74,20,9.22,few clouds
456,Aguimes,ES,2021-03-28 01:43:18,27.9054,-15.4461,64.99,77,20,2.3,few clouds
457,Caravelas,BR,2021-03-28 01:43:18,-17.7125,-39.2481,74.3,77,25,5.26,scattered clouds
458,Batemans Bay,AU,2021-03-28 01:43:19,-35.7167,150.1833,69.01,63,26,4.0,scattered clouds
459,Acapulco,MX,2021-03-28 01:39:10,16.8634,-99.8901,80.6,69,1,3.44,clear sky
460,Mashhad,IR,2021-03-28 01:43:19,36.297,59.6062,53.6,66,40,16.11,scattered clouds
461,Constitucion,CL,2021-03-28 01:43:20,-35.3333,-72.4167,59.61,63,67,10.51,broken clouds
462,Pasni,PK,2021-03-28 01:43:20,25.2631,63.471,75.81,77,13,7.87,few clouds
463,Flin Flon,CA,2021-03-28 01:43:20,54.7682,-101.865,11.53,90,63,1.54,broken clouds
464,Gannan,CN,2021-03-28 01:43:21,47.9147,123.5031,51.51,58,100,16.37,overcast clouds
465,Forest Lake,US,2021-03-28 01:43:21,45.2789,-92.9852,36.0,93,100,3.0,light snow
466,Muros,ES,2021-03-28 01:43:21,42.7762,-9.0603,45.0,90,1,5.01,clear sky
467,Ocho Rios,JM,2021-03-28 01:43:22,18.4025,-77.1048,79.0,78,7,4.0,clear sky
468,Dingle,PH,2021-03-28 01:38:35,10.9995,122.6711,86.05,64,100,10.04,overcast clouds
469,Solnechnyy,RU,2021-03-28 01:43:22,50.7214,136.6319,34.5,80,100,3.06,overcast clouds
470,Eskil,TR,2021-03-28 01:43:23,38.4017,33.4131,32.32,75,7,3.87,clear sky
471,Filadelfia,US,2021-03-28 01:41:01,39.9523,-75.1638,59.0,58,90,7.58,overcast clouds
472,Yavoriv,UA,2021-03-28 01:43:23,49.9386,23.3825,44.6,81,75,4.47,broken clouds
473,Barentu,ER,2021-03-28 01:43:23,15.1139,37.5928,68.86,66,82,5.79,broken clouds
474,Najran,SA,2021-03-28 01:43:24,17.4924,44.1277,66.2,20,0,4.61,clear sky
475,Longhua,CN,2021-03-28 01:43:24,23.6137,114.1919,83.05,59,51,2.77,broken clouds
476,Kapustin Yar,RU,2021-03-28 01:43:25,48.5831,45.7372,35.91,98,100,7.94,overcast clouds
477,Mabaruma,GY,2021-03-28 01:43:25,8.2,-59.7833,72.48,96,100,3.31,overcast clouds
478,Povenets,RU,2021-03-28 01:43:25,62.8487,34.8262,30.88,92,100,6.33,overcast clouds
479,Mount Gambier,AU,2021-03-28 01:43:26,-37.8333,140.7667,62.6,72,90,11.5,overcast clouds
480,Kupang,ID,2021-03-28 01:43:26,-10.1667,123.5833,86.0,79,75,6.91,broken clouds
481,Nishihara,JP,2021-03-28 01:43:26,26.1842,127.7558,78.8,83,75,18.41,broken clouds
482,Apen,DE,2021-03-28 01:43:27,53.2167,7.8,39.99,83,100,1.01,overcast clouds
483,Galesong,ID,2021-03-28 01:43:27,-5.3166,119.3661,80.6,89,20,4.61,few clouds
484,Chapais,CA,2021-03-28 01:43:27,49.7834,-74.8492,32.0,64,100,8.05,overcast clouds
485,Husavik,IS,2021-03-28 01:43:28,66.0449,-17.3389,23.0,86,90,8.05,snow
486,Namibe,AO,2021-03-28 01:43:28,-15.1961,12.1522,74.3,75,88,5.82,light rain
487,Toamasina,MG,2021-03-28 01:43:28,-18.1667,49.3833,71.6,100,20,2.3,few clouds
488,Miracema Do Tocantins,BR,2021-03-28 01:43:29,-9.5618,-48.3967,74.46,89,98,1.25,overcast clouds
489,Noyabrsk,RU,2021-03-28 01:43:29,63.1994,75.4507,-4.36,98,67,9.22,broken clouds
490,Broome,US,2021-03-28 01:43:29,42.2506,-75.833,52.0,71,1,6.91,clear sky
491,Belmonte,BR,2021-03-28 01:43:30,-15.8631,-38.8828,77.0,78,0,3.44,clear sky
492,Matara,LK,2021-03-28 01:41:03,5.9485,80.5353,77.88,79,100,2.73,overcast clouds
493,Aban,RU,2021-03-28 01:43:30,56.67,96.06,29.55,93,100,5.57,light snow
494,Balagansk,RU,2021-03-28 01:43:30,54.0103,103.0544,20.5,89,94,4.61,overcast clouds
495,Borehamwood,GB,2021-03-28 01:42:01,51.6547,-0.2776,48.2,76,75,14.97,broken clouds
496,Calvinia,ZA,2021-03-28 01:43:31,-31.4707,19.776,57.87,58,5,8.63,clear sky
497,Ahipara,NZ,2021-03-28 01:43:31,-35.1667,173.1667,67.33,86,100,11.14,light rain
498,Mikkeli,FI,2021-03-28 01:43:32,61.6886,27.2723,37.0,100,90,5.75,overcast clouds
499,Altinopolis,BR,2021-03-28 01:43:32,-21.0256,-47.3739,77.0,73,0,4.61,clear sky
500,Harper,LR,2021-03-28 01:43:32,4.375,-7.7169,77.5,87,29,4.16,scattered clouds
501,Tual,ID,2021-03-28 01:43:33,-5.6667,132.75,79.65,85,100,10.51,overcast clouds
502,Alugan,PH,2021-03-28 01:43:33,12.2188,125.4808,82.06,79,100,9.01,overcast clouds
503,Sungaipenuh,ID,2021-03-28 01:43:33,-2.0833,101.3833,71.96,78,100,1.32,overcast clouds
504,Molina,CL,2021-03-28 01:43:34,-35.1167,-71.2833,64.4,48,14,4.61,few clouds
505,Chumikan,RU,2021-03-28 01:43:34,54.7183,135.315,24.93,77,95,2.04,overcast clouds
506,Medea,DZ,2021-03-28 01:43:35,36.2642,2.7539,51.8,93,40,4.61,mist
507,Broken Hill,AU,2021-03-28 01:43:35,-31.95,141.4333,68.0,42,14,12.66,few clouds
508,Filandia,CO,2021-03-28 01:43:35,4.6747,-75.6583,71.6,78,75,2.3,broken clouds
509,Dibombari,CM,2021-03-28 01:43:36,4.1787,9.6561,78.8,100,75,0.63,broken clouds
510,Upata,VE,2021-03-28 01:43:36,8.0086,-62.3989,69.93,91,77,5.12,broken clouds
511,Methoni,GR,2021-03-28 01:43:36,36.8197,21.7049,50.0,81,83,4.61,broken clouds
512,Vredendal,ZA,2021-03-28 01:43:37,-31.6683,18.5012,58.01,72,15,3.96,few clouds
513,Rawson,AR,2021-03-28 01:43:37,-43.3002,-65.1023,68.0,25,68,19.19,broken clouds
514,Caraquet,CA,2021-03-28 01:43:38,47.7941,-64.9386,24.8,68,64,6.91,broken clouds
515,Kodinsk,RU,2021-03-28 01:43:38,58.6881,99.1844,28.4,92,100,3.51,overcast clouds
516,Kununurra,AU,2021-03-28 01:41:19,-15.7667,128.7333,89.6,55,48,5.75,scattered clouds
517,Rio De Oro,CO,2021-03-28 01:43:38,8.2919,-73.3849,63.61,82,99,5.73,overcast clouds
518,Berbera,SO,2021-03-28 01:43:39,10.4396,45.0143,76.17,74,1,3.94,clear sky
519,Sabang,ID,2021-03-28 01:43:39,5.8933,95.3214,82.44,69,78,2.39,broken clouds
520,Fot,HU,2021-03-28 01:43:39,47.6177,19.1887,51.01,46,0,13.8,clear sky
521,Umea,SE,2021-03-28 01:43:40,63.8284,20.2597,35.6,100,90,6.91,overcast clouds
522,Pishin,PK,2021-03-28 01:43:40,30.5803,66.9961,63.84,29,4,1.97,clear sky
523,Teguise,ES,2021-03-28 01:43:40,29.0605,-13.564,64.4,77,0,4.61,clear sky
524,Itamaraca,BR,2021-03-28 01:43:41,-7.7478,-34.8256,75.2,88,75,5.75,mist
525,Panzhihua,CN,2021-03-28 01:43:41,26.5851,101.7128,69.75,23,0,0.74,clear sky
526,Sitka,US,2021-03-28 01:43:42,57.0531,-135.33,39.2,65,75,12.66,light snow
527,Marystown,CA,2021-03-28 01:43:42,47.1666,-55.1483,25.75,79,100,24.0,overcast clouds
528,Concarneau,FR,2021-03-28 01:43:42,47.875,-3.9225,48.2,81,75,5.75,broken clouds
529,Denia,ES,2021-03-28 01:43:43,38.8408,0.1057,57.0,84,17,8.99,few clouds
530,Salalah,OM,2021-03-28 01:38:23,17.0151,54.0924,75.2,38,0,2.24,clear sky
531,Capreol,CA,2021-03-28 01:43:10,46.706,-80.9225,33.01,74,90,5.75,overcast clouds
532,Oksfjord,NO,2021-03-28 01:43:43,70.2396,22.3479,39.2,75,90,13.8,light rain
533,Naryan-Mar,RU,2021-03-28 01:43:44,67.6713,53.087,18.63,92,87,9.31,overcast clouds
534,Kabo,CF,2021-03-28 01:43:44,7.6994,18.629,77.86,61,65,2.98,broken clouds
535,Longyan,CN,2021-03-28 01:43:44,25.1072,117.0225,79.38,62,37,4.16,scattered clouds
536,Tautira,PF,2021-03-28 01:38:32,-17.7333,-149.15,87.8,58,40,11.5,light rain
537,Paita,PE,2021-03-28 01:43:45,-5.0892,-81.1144,72.79,76,83,9.75,broken clouds
538,Boshnyakovo,RU,2021-03-28 01:43:45,49.6333,142.1667,34.21,84,98,1.41,overcast clouds
539,Ojinaga,MX,2021-03-28 01:43:45,29.5667,-104.4167,75.2,11,1,16.11,clear sky
540,Menongue,AO,2021-03-28 01:43:46,-14.6585,17.691,60.31,94,52,2.13,broken clouds
541,Pimentel,PE,2021-03-28 01:43:46,-6.8367,-79.9342,70.66,82,67,12.95,broken clouds
542,Roma,US,2021-03-28 01:42:04,43.2128,-75.4557,44.6,65,1,8.05,clear sky
543,Macae,BR,2021-03-28 01:43:47,-22.3708,-41.7869,77.0,88,0,3.44,clear sky
544,Rodeo,US,2021-03-28 01:43:47,38.033,-122.2669,77.0,25,1,10.36,clear sky
545,Jacksonville,US,2021-03-28 01:39:54,30.3322,-81.6556,77.0,57,75,8.05,broken clouds
546,Kurilsk,RU,2021-03-28 01:43:47,45.2333,147.8833,37.9,72,100,3.33,overcast clouds
547,Tetela De Ocampo,MX,2021-03-28 01:43:48,19.8167,-97.8,65.66,61,0,2.06,clear sky
548,Conde,BR,2021-03-28 01:43:48,-7.2597,-34.9075,77.0,100,75,5.75,light rain
549,Anadyr,RU,2021-03-28 01:43:48,64.75,177.4833,1.4,71,0,15.66,clear sky
550,Keflavik,IS,2021-03-28 01:43:49,64.0049,-22.5624,33.8,93,75,13.8,light snow
551,Cuamba,MZ,2021-03-28 01:43:49,-14.8031,36.5372,66.99,97,71,0.49,broken clouds
552,Nkowakowa,ZA,2021-03-28 01:43:50,-23.8878,30.2871,53.6,94,20,11.5,light rain
553,Thurso,GB,2021-03-28 01:43:50,58.5927,-3.5259,46.4,76,75,17.27,broken clouds
554,Zasosna,RU,2021-03-28 01:43:50,50.6307,38.3965,34.86,96,100,8.59,overcast clouds
555,Izvestkovyy,RU,2021-03-28 01:43:51,48.9833,131.55,37.94,85,97,7.18,overcast clouds
556,Robertsport,LR,2021-03-28 01:43:51,6.7533,-11.3686,79.11,88,18,6.35,few clouds
557,Sinjar,IQ,2021-03-28 01:43:51,36.3209,41.8754,40.82,52,0,4.36,clear sky
558,Cockburn Town,TC,2021-03-28 01:37:34,21.4612,-71.1419,77.25,75,0,23.78,clear sky
559,Diego De Almagro,CL,2021-03-28 01:43:52,-26.3667,-70.05,61.97,45,93,0.94,overcast clouds
560,Sozimskiy,RU,2021-03-28 01:43:52,59.7418,52.2482,11.7,99,46,3.62,scattered clouds
561,Patrocinio,BR,2021-03-28 01:43:53,-18.9439,-46.9925,71.56,62,99,0.98,overcast clouds
562,Atar,MR,2021-03-28 01:43:10,20.5169,-13.0499,75.61,26,0,6.46,clear sky
563,Sijunjung,ID,2021-03-28 01:43:53,-0.6876,100.9537,80.53,72,95,0.98,overcast clouds
564,Muleba,TZ,2021-03-28 01:43:54,-1.8397,31.6544,63.77,78,88,3.6,overcast clouds
565,Maneadero,MX,2021-03-28 01:43:54,31.7167,-116.5667,62.01,76,0,4.0,clear sky
566,Dakar,SN,2021-03-28 01:43:54,14.6937,-17.4441,66.2,88,3,16.11,clear sky
567,Dongli,CN,2021-03-28 01:43:55,23.5656,116.8194,75.2,73,1,4.47,mist
568,Cabedelo,BR,2021-03-28 01:43:55,-6.9811,-34.8339,77.0,100,75,5.75,broken clouds
569,Meadow Lake,US,2021-03-28 01:43:56,34.8014,-106.5436,55.4,22,20,13.8,few clouds
570,Puerto Del Rosario,ES,2021-03-28 01:43:56,28.5004,-13.8627,64.4,77,0,3.44,clear sky
571,La Asuncion,VE,2021-03-28 01:43:56,11.0333,-63.8628,75.76,85,100,14.65,overcast clouds
572,San Andres,CO,2021-03-28 01:43:57,12.5847,-81.7006,80.6,74,20,12.66,few clouds
573,Khovu-Aksy,RU,2021-03-28 01:43:57,51.1333,93.6,23.88,62,91,2.59,overcast clouds
574,Bontang,ID,2021-03-28 01:40:57,0.1333,117.5,80.04,81,100,2.39,overcast clouds
575,Yichang,CN,2021-03-28 01:43:58,30.7144,111.2847,71.01,53,0,3.0,clear sky
576,Ponta Delgada,PT,2021-03-28 01:43:58,37.7333,-25.6667,55.4,76,40,3.44,scattered clouds
577,Ola,RU,2021-03-28 01:43:58,59.5833,151.2833,7.56,86,91,4.45,overcast clouds
578,Noumea,NC,2021-03-28 01:41:26,-22.2763,166.4572,89.6,58,20,9.22,few clouds
579,Linda,US,2021-03-28 01:43:59,39.1277,-121.5508,73.4,27,1,9.22,clear sky
580,Wagar,SD,2021-03-28 01:43:59,16.1525,36.2032,70.0,69,3,11.03,clear sky
581,Kukushtan,RU,2021-03-28 01:44:00,57.6464,56.4952,10.4,79,0,4.47,clear sky
582,Kahului,US,2021-03-28 01:43:29,20.8947,-156.47,80.6,65,40,23.02,scattered clouds
583,Kinsale,IE,2021-03-28 01:44:00,51.7075,-8.5306,51.01,93,75,20.71,light intensity drizzle
584,Capitan Meza,PY,2021-03-28 01:44:00,-27.0167,-55.5667,68.0,100,90,3.44,heavy intensity rain
585,Omsukchan,RU,2021-03-28 01:44:01,62.5333,155.8,9.32,67,11,0.11,few clouds
586,Corralillo,CU,2021-03-28 01:44:01,22.9819,-80.5856,76.48,79,0,17.98,light rain
587,Killybegs,IE,2021-03-28 01:44:01,54.6333,-8.45,48.0,94,100,10.0,overcast clouds
588,Srikakulam,IN,2021-03-28 01:44:02,18.3,83.9,81.73,63,2,5.61,clear sky
589,Puerto Rondon,CO,2021-03-28 01:44:02,6.2805,-71.1,74.25,72,84,5.3,broken clouds
590,Prince Rupert,CA,2021-03-28 01:44:02,54.3161,-130.3201,44.6,93,90,16.11,light rain
591,Pontianak,ID,2021-03-28 01:44:03,-0.0333,109.3333,80.6,89,40,4.61,scattered clouds
592,Port Lincoln,AU,2021-03-28 01:44:03,-34.7333,135.8667,67.46,56,3,5.14,clear sky
593,Benguela,AO,2021-03-28 01:44:04,-12.5763,13.4055,76.82,82,99,4.07,overcast clouds
594,Thinadhoo,MV,2021-03-28 01:44:04,0.5333,72.9333,82.09,76,100,10.56,overcast clouds
595,Sinop,TR,2021-03-28 01:44:04,41.7711,34.8709,30.54,84,5,6.71,clear sky
596,Taoudenni,ML,2021-03-28 01:44:05,22.6783,-3.9836,75.69,9,21,10.65,few clouds
597,Mamallapuram,IN,2021-03-28 01:44:05,12.6264,80.1722,78.8,89,40,6.76,mist
598,Alyangula,AU,2021-03-28 01:44:05,-13.8483,136.4192,87.76,66,100,15.3,light rain
599,Brigantine,US,2021-03-28 01:44:06,39.4101,-74.3646,55.4,62,1,11.5,clear sky
600,Tilichiki,RU,2021-03-28 01:44:06,60.4667,166.1,9.82,86,100,13.91,overcast clouds
601,Ishim,RU,2021-03-28 01:44:06,56.1128,69.4902,29.32,95,100,14.61,light snow
602,Gallup,US,2021-03-28 01:44:07,35.5281,-108.7426,50.0,34,1,10.36,clear sky
603,Pemberton,CA,2021-03-28 01:44:07,50.3164,-122.8027,39.2,93,90,5.75,light intensity drizzle
604,Phenix City,US,2021-03-28 01:44:07,32.471,-85.0008,77.0,61,1,4.61,clear sky
605,Taksimo,RU,2021-03-28 01:44:08,56.3444,114.8794,23.63,71,6,1.92,clear sky
606,Nchelenge,ZM,2021-03-28 01:44:08,-9.3451,28.734,66.15,92,97,3.31,light rain
607,Sandeid,NO,2021-03-28 01:44:08,59.5449,5.8636,43.0,87,75,11.5,broken clouds
608,Kangaatsiaq,GL,2021-03-28 01:44:09,68.3065,-53.4641,-16.76,87,23,6.98,few clouds
609,Saint Anthony,US,2021-03-28 01:44:09,45.0205,-93.218,37.4,81,90,11.5,overcast clouds
610,Tobermory,CA,2021-03-28 01:44:09,45.2501,-81.6665,33.8,86,100,12.66,overcast clouds
611,Deer Lake,CA,2021-03-28 01:44:10,49.1667,-57.4316,23.0,74,90,9.22,light snow
612,Piacabucu,BR,2021-03-28 01:44:10,-10.4056,-36.4344,76.82,84,61,5.97,broken clouds
613,Hollins,US,2021-03-28 01:44:10,37.3413,-79.9431,57.0,95,100,1.7,overcast clouds
614,Arecibo,PR,2021-03-28 01:43:45,18.4724,-66.7157,77.0,80,2,1.01,clear sky
615,Ust-Omchug,RU,2021-03-28 01:44:11,61.15,149.6333,6.13,74,42,2.1,scattered clouds
616,Mandera,KE,2021-03-28 01:44:11,3.9366,41.867,79.25,65,100,11.01,overcast clouds
617,Humboldt,US,2021-03-28 01:44:12,40.6665,-123.9178,57.99,87,1,10.36,clear sky
618,Derzhavinsk,KZ,2021-03-28 01:44:12,51.1,66.3167,23.85,98,95,6.76,overcast clouds
619,Los Llanos De Aridane,ES,2021-03-28 01:44:12,28.6585,-17.9182,64.4,77,0,10.36,clear sky
620,Rabak,SD,2021-03-28 01:44:13,13.1809,32.74,77.09,15,0,17.31,clear sky
621,Mount Pleasant,US,2021-03-28 01:40:08,32.7941,-79.8626,71.01,100,1,9.98,clear sky
622,Maragogi,BR,2021-03-28 01:43:57,-9.0122,-35.2225,75.79,86,91,1.45,overcast clouds
623,La Palma,US,2021-03-28 01:44:13,33.8464,-118.0467,73.4,25,1,12.66,clear sky
624,Salta,AR,2021-03-28 01:44:14,-24.7859,-65.4117,55.4,94,90,5.75,overcast clouds
625,Severka,RU,2021-03-28 01:44:14,56.8688,60.3015,24.8,68,0,8.95,clear sky
626,Erenhot,CN,2021-03-28 01:44:14,43.6475,111.9767,33.78,31,0,23.33,clear sky
627,Elizabethtown,US,2021-03-28 01:41:57,37.694,-85.8591,62.6,88,1,10.36,clear sky
628,Auki,SB,2021-03-28 01:44:15,-8.7676,160.7034,86.79,61,33,7.18,scattered clouds
629,Subiaco,IT,2021-03-28 01:44:15,41.9254,13.0941,46.99,86,2,2.24,clear sky
630,Hukuntsi,BW,2021-03-28 01:44:15,-24.0,21.75,63.86,48,0,8.93,clear sky
631,Allada,BJ,2021-03-28 01:44:16,6.6655,2.1514,82.4,83,40,10.36,scattered clouds
632,Bilma,NE,2021-03-28 01:44:16,18.6853,12.9164,65.25,16,0,16.75,clear sky
633,Mormugao,IN,2021-03-28 01:44:16,15.4,73.8,83.08,77,68,6.04,broken clouds
634,Woodward,US,2021-03-28 01:44:17,36.4337,-99.3904,54.0,46,1,9.22,clear sky
635,Manokwari,ID,2021-03-28 01:44:17,-0.8667,134.0833,77.9,86,100,1.19,light rain
636,Ugoofaaru,MV,2021-03-28 01:44:17,5.6667,73.0,81.79,77,100,16.53,overcast clouds
637,Bradford,GB,2021-03-28 01:44:18,53.7939,-1.7521,48.99,33,100,4.0,light rain
638,Bourg-En-Bresse,FR,2021-03-28 01:44:18,46.1667,5.1667,39.99,90,5,1.41,clear sky
639,Copiapo,CL,2021-03-28 01:44:19,-27.3667,-70.3333,57.2,82,90,5.75,overcast clouds
640,Ucluelet,CA,2021-03-28 01:43:56,48.9329,-125.5528,46.0,100,90,6.91,light intensity drizzle
641,Saint-Denis,FR,2021-03-28 01:44:19,48.9167,2.3333,50.0,66,90,5.75,overcast clouds
642,Savalou,BJ,2021-03-28 01:44:20,7.9281,1.9756,78.98,75,87,5.28,overcast clouds
643,Opuwo,NA,2021-03-28 01:44:20,-18.0607,13.84,68.23,60,32,2.64,scattered clouds
644,Jieshi,CN,2021-03-28 01:44:20,22.8134,115.8257,77.0,79,0,8.81,clear sky
645,Nagua,DO,2021-03-28 01:44:21,19.3832,-69.8474,73.44,85,5,9.55,clear sky
646,Manbij,SY,2021-03-28 01:44:21,36.5281,37.9549,33.8,75,0,7.18,clear sky
647,Jalu,LY,2021-03-28 01:44:21,29.0331,21.5482,52.9,41,0,6.17,clear sky
648,Luganville,VU,2021-03-28 01:44:22,-15.5333,167.1667,84.79,72,78,9.93,broken clouds
649,Isabela,PH,2021-03-28 01:44:22,6.7085,121.9711,86.0,74,75,5.75,broken clouds
650,Zhigansk,RU,2021-03-28 01:44:22,66.7697,123.3711,15.57,90,97,5.66,overcast clouds
651,Zhigalovo,RU,2021-03-28 01:44:23,54.8097,105.1578,26.2,80,70,2.19,broken clouds
652,Yuanping,CN,2021-03-28 01:44:23,38.7153,112.7575,50.9,20,0,14.56,clear sky
653,Comodoro Rivadavia,AR,2021-03-28 01:44:23,-45.8667,-67.5,71.6,40,0,16.11,clear sky
654,Kavaratti,IN,2021-03-28 01:44:24,10.5669,72.642,83.71,73,100,1.92,moderate rain
655,Padre Bernardo,BR,2021-03-28 01:44:24,-15.35,-48.5,72.12,63,92,2.59,overcast clouds
656,Tabou,CI,2021-03-28 01:44:24,4.423,-7.3528,77.49,87,34,4.0,scattered clouds
657,Turayf,SA,2021-03-28 01:44:25,31.6725,38.6637,41.0,60,0,6.91,clear sky
658,Callaway,US,2021-03-28 01:44:25,30.153,-85.5699,72.0,88,90,13.8,overcast clouds
659,Grenfell,AU,2021-03-28 01:44:25,-33.9,148.1667,69.73,38,0,9.35,clear sky
660,Ushibuka,JP,2021-03-28 01:44:26,32.1906,130.0228,61.63,95,100,15.5,light rain
661,Plettenberg Bay,ZA,2021-03-28 01:44:26,-34.0527,23.3716,57.33,80,0,4.59,clear sky
662,Kloulklubed,PW,2021-03-28 01:44:27,7.0419,134.2556,84.2,79,75,10.36,broken clouds
663,Clyde River,CA,2021-03-28 01:44:27,70.4692,-68.5914,-7.6,71,90,3.44,overcast clouds
664,Aswan,EG,2021-03-28 01:44:27,24.0934,32.907,57.24,31,5,14.47,clear sky
665,Wucheng,CN,2021-03-28 01:44:28,29.6008,118.175,66.0,90,4,3.0,clear sky
666,San Juan Del Parana,PY,2021-03-28 01:44:28,-27.3,-55.9667,68.0,100,90,3.44,overcast clouds
667,Zakamensk,RU,2021-03-28 01:44:28,50.3741,103.2863,28.31,57,10,2.8,clear sky
668,Yuci,CN,2021-03-28 01:43:17,37.6803,112.7319,53.6,15,57,11.18,dust
669,Gondanglegi,ID,2021-03-28 01:44:29,-7.7479,112.0132,83.61,75,18,1.07,few clouds
670,Terrace,CA,2021-03-28 01:43:28,54.5163,-128.6035,33.8,100,90,20.71,heavy snow
671,Bestobe,KZ,2021-03-28 01:44:29,52.4994,73.0975,32.02,99,100,5.26,light snow
672,Sechura,PE,2021-03-28 01:44:30,-5.5569,-80.8222,75.04,66,91,14.63,overcast clouds
673,Stolin,BY,2021-03-28 01:44:30,51.8912,26.846,40.19,96,84,6.2,broken clouds
674,San Francisco,US,2021-03-28 01:44:17,37.7749,-122.4194,69.8,28,1,17.27,clear sky
675,Batagay-Alyta,RU,2021-03-28 01:44:31,67.8006,130.4114,10.02,82,97,1.86,overcast clouds
676,Cienaga,CO,2021-03-28 01:44:31,11.007,-74.2476,84.2,54,20,18.41,few clouds
677,Jibuti,DJ,2021-03-28 01:44:31,11.5,42.5,73.4,64,1,3.44,haze
678,Sindor,RU,2021-03-28 01:44:32,62.8629,51.8905,17.31,98,72,4.52,broken clouds
679,Dumas,US,2021-03-28 01:44:32,35.8656,-101.9732,55.0,46,1,8.05,clear sky
680,Soyo,AO,2021-03-28 01:44:32,-6.1349,12.3689,80.01,83,78,10.31,broken clouds
681,Port Hueneme,US,2021-03-28 01:44:33,34.1478,-119.1951,68.0,63,1,17.27,clear sky
682,Abengourou,CI,2021-03-28 01:41:19,6.7297,-3.4964,72.73,97,100,1.83,overcast clouds
683,Havelock,US,2021-03-28 01:44:33,34.8791,-76.9013,66.99,94,75,0.96,moderate rain
684,Camana,PE,2021-03-28 01:44:33,-16.6228,-72.7111,70.68,81,25,7.07,scattered clouds
685,Xinzhi,CN,2021-03-28 01:42:28,36.4989,111.7047,61.63,13,2,15.79,clear sky
686,Dicabisagan,PH,2021-03-28 01:44:34,17.0818,122.4157,84.47,68,54,6.53,broken clouds
687,Veraval,IN,2021-03-28 01:44:34,20.9,70.3667,78.49,51,43,9.78,scattered clouds
688,Wanning,CN,2021-03-28 01:44:35,18.8003,110.3967,81.01,72,61,10.27,broken clouds
689,Trairi,BR,2021-03-28 01:40:50,-3.2778,-39.2689,74.55,91,84,2.77,broken clouds
690,Krasnoselkup,RU,2021-03-28 01:44:35,65.7,82.4667,7.9,95,92,6.4,overcast clouds
691,Obo,CF,2021-03-28 01:44:36,5.3998,26.4869,69.89,73,83,4.9,broken clouds
692,Abong Mbang,CM,2021-03-28 01:44:36,3.9833,13.1833,69.44,77,94,2.86,overcast clouds
693,Uyar,RU,2021-03-28 01:44:36,55.81,94.3153,28.94,84,100,2.66,overcast clouds
694,Kieta,PG,2021-03-28 01:44:37,-6.2167,155.6333,79.41,87,90,7.67,moderate rain
695,Somerset West,ZA,2021-03-28 01:44:37,-34.084,18.8211,62.01,82,0,1.14,clear sky
696,Sortland,NO,2021-03-28 01:44:37,68.6949,15.4162,36.0,93,100,15.01,snow
697,Mirnyy,RU,2021-03-28 01:44:38,62.5353,113.9611,23.38,90,91,8.03,overcast clouds
698,Doha,QA,2021-03-28 01:44:38,25.2867,51.5333,73.4,49,0,17.27,clear sky
699,Bardiyah,LY,2021-03-28 01:44:39,31.7561,25.0865,53.69,70,23,9.42,few clouds
700,Lovozero,RU,2021-03-28 01:44:39,68.005,35.0117,33.91,97,100,6.69,overcast clouds
701,Taga,RO,2021-03-28 01:44:39,46.95,24.05,33.8,86,0,2.3,light snow
702,Ambilobe,MG,2021-03-28 01:44:40,-13.2,49.05,72.12,93,100,2.08,overcast clouds
703,Gwadar,PK,2021-03-28 01:44:40,25.1216,62.3254,76.3,81,8,8.39,clear sky
704,Tinyahuarco,PE,2021-03-28 01:44:40,-10.75,-76.3,38.16,96,88,4.12,overcast clouds
705,Chernyshevskiy,RU,2021-03-28 01:44:41,63.0128,112.4714,20.97,91,98,7.7,overcast clouds
706,Ayan,RU,2021-03-28 01:44:41,56.45,138.1667,19.26,83,100,2.8,overcast clouds
707,Ryotsu,JP,2021-03-28 01:44:41,38.0833,138.4333,60.8,59,90,5.75,moderate rain
708,Sistranda,NO,2021-03-28 01:44:42,63.7256,8.834,35.6,87,0,6.91,clear sky
709,Hitoyoshi,JP,2021-03-28 01:44:42,32.2167,130.75,62.6,100,75,5.75,light rain
710,Kirakira,SB,2021-03-28 01:44:43,-10.4544,161.9205,84.85,75,41,10.98,scattered clouds
711,Santa Rosa,PH,2021-03-28 01:44:43,14.3122,121.1114,89.01,58,20,5.75,few clouds
712,Gravdal,NO,2021-03-28 01:44:43,68.1214,13.5031,36.91,64,87,23.42,overcast clouds
713,Baghdad,IQ,2021-03-28 01:44:44,33.3406,44.4009,46.4,39,0,9.22,clear sky
714,Tibati,CM,2021-03-28 01:44:44,6.4667,12.6333,73.51,29,91,3.89,overcast clouds
